품목분류코드,품목명
229,의류 > 유아동의류(우비)
230,의류 > 티셔츠
231,의류 > 셔츠
232,의류 > 블라우스
233,의류 > 스웨터
234,의류 > 원피스
235,의류 > 드레스
236,의류 > 바디슈트
237,의류 > 자켓
238,의류 > 코트
239,의류 > 조끼
240,의류 > 후드
241,의류 > 바지
242,의류 > 스커트
243,의류 > 트레이닝복
244,의류 > 속옷
245,의류 > 양말
246,의류 > 수영복
247,의류 > 중고의류(구제)
248,의류 > 기타의류
249,의류 > 가죽의류
226,패션/신발/잡화 > 구두
225,패션/신발/잡화 > 부츠
223,패션/신발/잡화 > 샌들/슬리퍼
224,패션/신발/잡화 > 운동화/스니커즈
10,패션/신발/잡화 > 기타신발
250,패션/신발/잡화 > 신발 부속품
6,패션/신발/잡화 > 가방
222,패션/신발/잡화 > 가방(가죽제품)
7,패션/신발/잡화 > 지갑
221,패션/신발/잡화 > 지갑(가죽제품)
14,패션/신발/잡화 > 목도리/머플러/스카프
15,패션/신발/잡화 > 모자(안전모 제외)
18,패션/신발/잡화 > 시계 및 부품
21,패션/신발/잡화 > 장갑
25,패션/신발/잡화 > 헤어 액세서리
16,패션/신발/잡화 > 선글래스/안경
17,패션/신발/잡화 > 핸드폰케이스
27,패션/신발/잡화 > 벨트
251,패션/신발/잡화 > 넥타이
19,패션/신발/잡화 > 우산
13,패션/신발/잡화 > 악세서리
327,패션/신발/잡화 > 잡화(문구류/장식품)
30,유아용품/장난감 > 유아용 목욕통 (플라스틱)
32,유아용품/장난감 > 분유/이유식
33,유아용품/장난감 > 수유관련 용품
37,유아용품/장난감 > 젖병류
38,유아용품/장난감 > 기저귀(종이 / 면)
252,유아용품/장난감 > 카시트
253,유아용품/장난감 > 유아장난감
254,유아용품/장난감 > 치발기
255,유아용품/장난감 > 아기띠
256,유아용품/장난감 > 유모차
257,유아용품/장난감 > 보행기
61,유아용품/장난감 > 레고
302,유아용품/장난감 > 비디오 게임
304,유아용품/장난감 > 인형
306,유아용품/장난감 > 기타 완구
60,레저/스포츠 용품 > 텐트/해먹
259,레저/스포츠 용품 > 침낭
260,레저/스포츠 용품 > 캠핑용품
46,레저/스포츠 용품 > 자전거/관련용품
261,레저/스포츠 용품 > 수영용품
43,레저/스포츠 용품 > 낚시용품
42,레저/스포츠 용품 > 골프용품
41,레저/스포츠 용품 > 골프채
51,레저/스포츠 용품 > 수상스키/윈드서핑
52,레저/스포츠 용품 > 스키용품
53,레저/스포츠 용품 > 스포츠용 헬멧
54,"레저/스포츠 용품 > 스포츠용 글러브 (야구,복싱등)"
262,레저/스포츠 용품 > 스포츠용 신발
263,레저/스포츠 용품 > 운동용구
264,레저/스포츠 용품 > 운동용품
58,레저/스포츠 용품 > 야구공/축구공등 공류
59,레저/스포츠 용품 > 라켓
55,레저/스포츠 용품 > 스케이트
318,레저/스포츠 용품 > 볼링공
78,전자제품 > 커피머신
75,전자제품 > 전자계산기
76,전자제품 > 전자사전/전자수첩
81,전자제품 > 헤어드라이기
80,전자제품 > 헤어드라이기 부분품
63,전자제품 > TV
64,전자제품 > TV 부품
65,전자제품 > MP3
67,전자제품 > 전동면도기
69,전자제품 > 손전등
74,전자제품 > 전동칫솔
66,전자제품 > 가전기기
68,전자제품 > 무선원격조절기
70,전자제품 > 오븐/쿠커/그릴러/로우스터
72,전자제품 > 재봉기
73,전자제품 > 전기다리미/난방기
87,전자제품 > 태블릿 PC
321,전자제품 > 충전기
324,전자제품 > 휴대폰
329,"전자제품 > 기타(멀티탭,전선 등)"
331,전자제품 > 선풍기
84,컴퓨터관련 > 노트북
85,컴퓨터관련 > 노트북 부분품
88,컴퓨터관련 > 데스크탑PC
89,컴퓨터관련 > PC부분품
91,"컴퓨터관련 > 컴퓨터 주변기기(키보드,마우스 등)"
265,컴퓨터관련 > 컴퓨터 주변기기(드라이브 같은 기억장치)
82,음향/영상기기 > 스피커(블루투스기능x 및 유선)
93,음향/영상기기 > 카메라
94,음향/영상기기 > 카메라관련제품
335,음향/영상기기 > 디지털카메라
95,음향/영상기기 > 캠코더(CCTV등)
96,음향/영상기기 > DVD Player
97,음향/영상기기 > 녹음기/소형카세트
266,음향/영상기기 > 마이크
98,음향/영상기기 > 오디오/앰프
99,음향/영상기기 > CD Player
317,음향/영상기기 > 모니터
319,음향/영상기기 > 헤드셋/이어폰(유선)
326,음향/영상기기 > 이어폰(블루투스/무선)
102,원단/서적/CD/출판물/인쇄물 > 서적류
269,원단/서적/CD/출판물/인쇄물 > 잡지
270,원단/서적/CD/출판물/인쇄물 > 기타인쇄물
272,원단/서적/CD/출판물/인쇄물 > 면/직물
273,원단/서적/CD/출판물/인쇄물 > 천
274,원단/서적/CD/출판물/인쇄물 > 면 마스크(필터 기능없음)
271,원단/서적/CD/출판물/인쇄물 > CD/DVD/LP/레코드판
107,원단/서적/CD/출판물/인쇄물 > 카드류
334,원단/서적/CD/출판물/인쇄물 > 스포츠카드
275,주방/생활용품/미용용품 > 종이타올
276,주방/생활용품/미용용품 > 노트류
277,주방/생활용품/미용용품 > 벽지
278,주방/생활용품/미용용품 > 봉투
316,주방/생활용품/미용용품 > 상자
279,주방/생활용품/미용용품 > 신문
280,주방/생활용품/미용용품 > 엽서
282,주방/생활용품/미용용품 > 편지지
281,주방/생활용품/미용용품 > 필기류
283,주방/생활용품/미용용품 > 화장지
284,주방/생활용품/미용용품 > 삼푸/비누
285,주방/생활용품/미용용품 > 종이로 만든 주방용기
286,주방/생활용품/미용용품 > 칼/가위(주방용)
287,주방/생활용품/미용용품 > 주방용품(유리)
288,주방/생활용품/미용용품 > 주방용품(플라스틱)
289,주방/생활용품/미용용품 > 주방용품(도자기)
290,주방/생활용품/미용용품 > 주방용품(철기)
338,주방/생활용품/미용용품 > 주방용품(목재)
114,주방/생활용품/미용용품 > 화장품(향수제외)
116,주방/생활용품/미용용품 > 화장품 도구
110,주방/생활용품/미용용품 > 제모기 (수동)
291,주방/생활용품/미용용품 > 배터리 (충전기제외)
292,주방/생활용품/미용용품 > 면도기 (칼날)
112,주방/생활용품/미용용품 > 로션
117,주방/생활용품/미용용품 > 향수 - 1.7oz(60ml) 이하 또는 1병 이하
118,주방/생활용품/미용용품 > 향수 - 1.7oz(60ml) 초과 또는 1병 초과
293,주방/생활용품/미용용품 > 타올/수건
109,주방/생활용품/미용용품 > 치약
115,주방/생활용품/미용용품 > 기능성화장품/발모제
119,주방/생활용품/미용용품 > 썬크림
121,주방/생활용품/미용용품 > 염색약
315,주방/생활용품/미용용품 > 음식물처리기
328,주방/생활용품/미용용품 > 목제공구
333,"주방/생활용품/미용용품 > 여과기,청정기(필터)"
337,주방/생활용품/미용용품 > 나무도마
123,의약품/측정기 > 임신테스트기
124,의약품/측정기 > 혈압측정기
125,의약품/측정기 > 심장박동수 측정기
126,의약품/측정기 > 산소농도측정기
127,의약품/측정기 > 체온계
128,의약품/측정기 > 의약품/의료용품/반창고/부착파스 등
325,의약품/측정기 > 기타 측정기
294,악기류 > 피아노
295,악기류 > 현악기
296,악기류 > 관악기
297,악기류 > 타악기
131,악기류 > 악기부품
195,가구/인테리어용품/공구 > 캔들/양초
196,가구/인테리어용품/공구 > 방향제
202,가구/인테리어용품/공구 > 가구
307,가구/인테리어용품/공구 > 의자
308,가구/인테리어용품/공구 > 책장
309,가구/인테리어용품/공구 > 테이블
203,가구/인테리어용품/공구 > 조명(형광등.스탠드 제외)
310,가구/인테리어용품/공구 > 목제품
311,가구/인테리어용품/공구 > 가정용소품(플라스틱)
312,가구/인테리어용품/공구 > 가정용소품(철강)
313,가구/인테리어용품/공구 > 가정용소품(유리)
198,가구/인테리어용품/공구 > 전동공구류
199,가구/인테리어용품/공구 > 볼트/나사/드라이버
139,가구/인테리어용품/공구 > 골동품(100년 초과)
134,가구/인테리어용품/공구 > 일반도자제품
323,가구/인테리어용품/공구 > 호신용품
330,가구/인테리어용품/공구 > 가정용소품(석재)
141,담배/흠연용품 > 끽연용 파이프
142,담배/흠연용품 > 담배용 라이터
143,담배/흠연용품 > 담배 (1보루까지 면세)
144,담배/흠연용품 > 전자담배
146,식품/음식/음료 > 초콜릿/캔디
147,식품/음식/음료 > 소스/쨈
148,식품/음식/음료 > 인조꿀 (6병까지)
149,식품/음식/음료 > 천연꿀 (5kg까지)
150,"식품/음식/음료 > 비스킷, 쿠키, 크래커"
151,식품/음식/음료 > 가루 믹스(코코아/VIA등)
152,식품/음식/음료 > 차(TEA) / 커피
153,식품/음식/음료 > 위스키/주류
154,식품/음식/음료 > 와인
155,식품/음식/음료 > 음료
156,식품/음식/음료 > 향신료(후추/바닐라/허브등)
157,식품/음식/음료 > 소금
216,식품/음식/음료 > 기타 식품류
159,건강보조식품/비타민 > 다이어트 제품
160,건강보조식품/비타민 > 영양제류
161,건강보조식품/비타민 > 허브
162,건강보조식품/비타민 > 비타민
168,침구류/커튼 > 커튼
164,침구류/커튼 > 매트리스
166,침구류/커튼 > 이불
298,침구류/커튼 > 담요/모포
299,침구류/커튼 > 쿠션
300,침구류/커튼 > 베개
301,침구류/커튼 > 베개커버
167,침구류/커튼 > 침대덮개/커버
185,애완용품 > 애완용 소품류
186,애완용품 > 애완용 간식
187,애완용품 > 애완용 의류
190,자동차/자동차용품 > 자동차 타이어
189,자동차/자동차용품 > 자동차 오일류
193,자동차/자동차용품 > 기타자동차부품