SKU,Model_Number,Category,Match_Found,Candidate_ASIN,Candidate_Title,Candidate_Price_USD,Candidate_URL
UniFi 5G Backup,U5G,Integrations,발견,B0H2WPZ4TX,UniFi 5G Backup | U5G,139.99,https://www.amazon.com/Ubiquiti-Inc-U5G-UniFi-Backup/dp/B0H2WPZ4TX/ref=sr_1_2_mod_primary_new?dib=eyJ2IjoiMSJ9.VwUCkoAiPXTY205kWnuXjgqfBY42QuXEtXO7gQ5QTht_hLfRcYfnIPhWR_I4JYu6a7x-O06c4phOKD9vEs3KXcPI3Fw4HdxbmDZ9O1x_FYIYTejojJQhEvbLtQLkYrIKYUKZYc8ik6IPEhMU5433B_rYuXuRfMoiv8zuYz5cdmBP4k_laGQgpAcO-9JAMf8lSOlGVUIIOUXqbY8d4i_W7e-qf37N4QQxytPVEXrHC5g.niUywwcTOuJwf7hJLuZELRMJI7MyVYKf7lX2M61zwpk&dib_tag=se&keywords=Ubiquiti+U5G&qid=1785504947&sbo=RZvfv%2F%2FHxDF%2BO5021pAnSA%3D%3D&sr=8-2
UniFi 5G Max,U5G-Max,Integrations,없음,,,,
UniFi 5G Max Outdoor,U5G-Max-Outdoor,Integrations,발견,B0GQ46LXWB,Ubiquiti UniFi 5G Max Outdoor(U5G-Max-Outdoor),479,https://www.amazon.com/Ubiquiti-UniFi-Max-Outdoor-U5G-Max-Outdoor/dp/B0GQ46LXWB/ref=sr_1_1_mod_primary_new?dib=eyJ2IjoiMSJ9.FuLeprhbuF1kDdjlIOTlrmDwBf1zZgkLwDJcUlUE69jznA-BdVHnPne34rK0_r_uEZGywW48LAv3L-4Dprog6esOc0h8NKyaQAcc4_Wi4AJPUfbpOYdV9sXjIciBdb0PW3_V2qtkx4t23YS8SPVK-fboCsi5aAAEuICqIMwO7jyp97NYxaJ1xkGZsny4910IlCw4r6jHwXu9DdV6aPIoYWjupFmmjhS4uHiaY9GD6uw.uAfTaX5muDZDIGojaU8Pf6mmTyNkSmT4K4zG7-ddP4o&dib_tag=se&keywords=Ubiquiti+U5G-Max-Outdoor&qid=1785504955&sbo=RZvfv%2F%2FHxDF%2BO5021pAnSA%3D%3D&sr=8-1
UniFi AI 360,UVC-AI-360,Physical Security,없음,,,,
UniFi AI 360 Black,UVC-AI-360-B,Physical Security,없음,,,,
UniFi AI Dome,UVC-AI-Dome,Physical Security,없음,,,,
UniFi AI Dome Black,UVC-AI-Dome-B,Physical Security,없음,,,,
UniFi AI Horn Speaker,UP-AI-Horn-Speaker,Physical Security,없음,,,,
UniFi AI Horn Speaker Black,UP-AI-Horn-Speaker-B,Physical Security,없음,,,,
UniFi AI Key,AI-Key,Physical Security,없음,,,,
UniFi AI LPR,UVC-AI-LPR,Physical Security,없음,,,,
UniFi AI Multi Sensor 2,UVC-AI-MS-2,Physical Security,없음,,,,
UniFi AI Multi Sensor 4,UVC-AI-MS-4,Physical Security,없음,,,,
UniFi AI Multi Sensor 4 Black,UVC-AI-MS-4-B,Physical Security,없음,,,,
UniFi AI PTZ Industrial,UVC-AI-PTZ,Physical Security,발견,B0FN4BGSP3,Ubiquiti UVC-AI-PTZ 8 Megapixel Outdoor 4K Network Camera - Color - White,1489.99,https://www.amazon.com/Ubiquiti-PTZ-Industrial-%D0%A1amera-UVC-AI-PTZ-W/dp/B0FN4BGSP3/ref=sr_1_1?dib=eyJ2IjoiMSJ9.uwYIZCJeXUVKRaSdxn60bl81alFKBLFH_EOQHoqX5NA84RR7gPrQEbm3DgzJXFT6lv75jYhzy-Ku1sFHFtmDCpN4TO3roI8LyiXaW-bvzeIx6Gu6h3uO9-SOMcnfxDCtjaA83poExta-HRytS2ZTy0303eaqATnIYikg8GnRCk-5HtjJ3oaN0c1rjAfFqLTHcjaQtS-RxWxUd1HEX4bEAKBbUusYzoEiYEguRiHTFV4.y4zLHzwD03GPeXNes9MsCNolX5hkvmjos1sKCGtzGyA&dib_tag=se&keywords=Ubiquiti+UVC-AI-PTZ&qid=1785505010&sr=8-1
UniFi AI PTZ Industrial Black,UVC-AI-PTZ-B,Physical Security,없음,,,,
UniFi AI PTZ Precision,UVC-AI-PTZ-Precision,Physical Security,없음,,,,
UniFi AI PTZ Precision Black,UVC-AI-PTZ-Precision-B,Physical Security,없음,,,,
UniFi AI Port,UP-AI-Port,Physical Security,발견,B0DR6ZGBKK,Ubiquiti AI Port (UP-AI-Port),233.83,https://www.amazon.com/Ubiquiti-Networks-UP-AI-Port-AI-Port/dp/B0DR6ZGBKK/ref=sr_1_1?dib=eyJ2IjoiMSJ9.6Kqe9rrHB93ycdkdFXRO9uBGM5lNFl4sfyT9bm3A-5x-7tWZMPeBO1pd9SBep9xXwuIzXxNOrL3UiMOs8uThkJtU_hyYX5HZAuAR86Wgc9cMGig7ZFoAiJdEO26HQUjlDVdbKvZvqKddv6Gb8_YUuML0rL8R9CvkiZkudT4U4zBPZ1GGIe9VaBVYStFZUEs_f8LY0NfazaZFg-VnoetTENwGGnEcMg_E4lB8vqsXAJI.UVzxCKE4vtMa9_RFSqElplObN8b-_7ECLCsh-IQIes4&dib_tag=se&keywords=Ubiquiti+UP-AI-Port&qid=1785505026&sr=8-1
UniFi AI Pro,UVC-AI-Pro,Physical Security,발견,B0CFRCFS7P,Ubiquiti NetworksUbiquiti AI Professional Bullet Camera (UVC-AI-Pro),573.93,https://www.amazon.com/Ubiquiti-Professional-Bullet-Camera-UVC-AI-Pro/dp/B0CFRCFS7P/ref=sr_1_1?dib=eyJ2IjoiMSJ9.7jRiwUIJJjCoKjZu35d8q7QTsujVR9qdztAVGaj5SdaUnIash8jJfQWOOtnSog4MNH-fj-DroNhfOb06zHrWn4--RmkDmaAwwIyyg_BZrpyYAwgHJRr_YXubUTzrlmL7ObdRtYfe-H17TytQvdhxRzOgybnDJby_4DLoidCrPiPRnmsSSt8e2HwQDAlTJ7CulFTUu-ZYXh-rSZbwgWaxY6qov4hJ2KSSulw2q9V8-9Q.sdGsHwh8ajRIlJnG6KTMybVCZa87tioZZnZw_QuRki8&dib_tag=se&keywords=Ubiquiti+UVC-AI-Pro&qid=1785505031&sr=8-1
UniFi AI Pro Black,UVC-AI-Pro-B,Physical Security,없음,,,,
UniFi AI Speaker,UP-AI-Speaker,Physical Security,없음,,,,
UniFi AI Theta,UVC-AI-THETA-HUB,Physical Security,없음,,,,
UniFi AI Turret,UVC-AI-Turret,Physical Security,없음,,,,
UniFi AI Turret Black,UVC-AI-Turret-B,Physical Security,없음,,,,
UniFi Access Button,UA-Button,Door Access,없음,,,,
UniFi Access Button Black,UA-Button-B,Door Access,없음,,,,
UniFi Access Card (10-Pack),UA-Card,Door Access,없음,,,,
UniFi Access Rescue KeySwitch,UA-Rescue,Door Access,없음,,,,
UniFi Access Ultra,UA-Ultra,Door Access,없음,,,,
UniFi Alarm Hub Kit,UP-AlarmHub-Kit,Physical Security,없음,,,,
UniFi All-In-One Sensor,UP-Sense,Physical Security,없음,,,,
UniFi Analog Telephone Adapter,UT-ATA,Integrations,없음,,,,
UniFi Building Bridge 2-Pack,UBB,WiFi,없음,,,,
UniFi CloudKey+,UCK-G2-SSD,Physical Security,발견,B0DDM2VGPD,Ubiquiti NetworksCloud Key Gen2 - UCK-G2-SSD,265,https://www.amazon.com/Ubiquiti-Networks-Cloud-Key-Gen2/dp/B0DDM2VGPD/ref=sr_1_1?dib=eyJ2IjoiMSJ9.BNY9EneS2pJ7AQCU92FAXmN83TwHRGAa3T00fAUXozP2BIENA6zTqDzEQKxjPgpLvruDyqbI-BX661b2sVmQwp0bRlUoNwuS5HibTqackBkG00BpAzaHaK-yZZGY7Gkg3r4FHSXFrlw1SAFxSLFajnvhCxG_-IcuRx40VQTJzDCsTDm1bHa6B9euSGEqVKvFGXCChLuiHxkTvtT2-Nqe-TVw3z--fKLG2r4B0ehK5wo.lFslOvJ7zgmnODtG3IG86i8-JyqyZ_IngRgLrS0XHfA&dib_tag=se&keywords=Ubiquiti+UCK-G2-SSD&qid=1785505090&sr=8-1
UniFi CloudKey+,UCK-G2-SSD,Physical Security,발견,B0H54TLVH6,Ubiquiti UCK-G2-SSD CloudKey+ SSD,326.78,https://www.amazon.com/Ubiquiti-Networks-UCK-G2-SSD-CloudKey-SSD/dp/B0H54TLVH6/ref=sr_1_4?dib=eyJ2IjoiMSJ9.BNY9EneS2pJ7AQCU92FAXmN83TwHRGAa3T00fAUXozP2BIENA6zTqDzEQKxjPgpLvruDyqbI-BX661b2sVmQwp0bRlUoNwuS5HibTqackBkG00BpAzaHaK-yZZGY7Gkg3r4FHSXFrlw1SAFxSLFajnvhCxG_-IcuRx40VQTJzDCsTDm1bHa6B9euSGEqVKvFGXCChLuiHxkTvtT2-Nqe-TVw3z--fKLG2r4B0ehK5wo.lFslOvJ7zgmnODtG3IG86i8-JyqyZ_IngRgLrS0XHfA&dib_tag=se&keywords=Ubiquiti+UCK-G2-SSD&qid=1785505090&sr=8-4
UniFi Device Bridge Switch,UDB-Switch (35W),WiFi,없음,,,,
UniFi Display Cast Lite,UC-Cast-Lite,Integrations,없음,,,,
UniFi Display Cast Pro,UC-Cast-Pro,Integrations,발견,B0DP1PSN4R,Ubiquiti NetworksDisplay Cast Pro (UC-Cast-Pro),379,https://www.amazon.com/Ubiquiti-Networks-Display-Cast-UC-Cast-Pro/dp/B0DP1PSN4R/ref=sr_1_1?dib=eyJ2IjoiMSJ9.JwFadxaHLhlAR8pHA5XjqrLPfQOmudRr2pBcNG8eE_kpHjFH3_h-NZEn8Z-gYUzXOAFN49t0vBK9NJr_YbIpPg-Bg5jvypfY1Rbn2u3F5prPgwGbiNAfPdQknsrtJZ6fgFWhRm1Rg_laabljyMYXVBYuyqpshKsSTtEU6XTOsYdsihgTS9jWNQV0iEhtr8XJAbmZ8RnwofvEmJyuLR5eUIZfJ155v6AW8xTCXhKvsQY.0JLN9TJjRVFXfBw7vwu3d2-mquFROWfXGgLTadLTlsE&dib_tag=se&keywords=Ubiquiti+UC-Cast-Pro&qid=1785505103&sr=8-1
UniFi Door Closer,UACC-DoorCloser,Door Access,없음,,,,
UniFi Door Hub,UA-Hub-Door,Door Access,없음,,,,
UniFi Door Hub Mini,UA-Hub-Door-Mini,Door Access,없음,,,,
UniFi Door Lock Relay Cable,UACC-Cable-DoorLockRelay,Door Access,없음,,,,
UniFi Doorbells,UVC-DOORBELL,Physical Security,없음,,,,
UniFi Doorbells Black,UVC-DOORBELL-B,Physical Security,없음,,,,
UniFi E7,E7,WiFi,발견,B0G3LSGFRQ,Ubiquiti UniFi E7 Audience Enterprise Access Point WiFi 7 Access Point (E7-Audience-US),1799.99,https://www.amazon.com/Ubiquiti-Audience-Enterprise-Access-E7-Audience-US/dp/B0G3LSGFRQ/ref=sr_1_2?dib=eyJ2IjoiMSJ9.b5B1KwDMTKTGN9eSdLy2IdQGwTsXOUaT_hwO1skqyDhsnx0Sc2Y0cUYgYd3aWxekWVUrHmcGhdqcSChMK-ZgedfSpMt4AoGlsh5BcMzfeKjQGizdBUv7b7xc5mSgj3yoGAOd1KjmhUwPGUkhafoUgoB6hbv6lJVw3WRt2tlL6lhCglXmQikM1B4TKP4o94emZBjPat4wFt5Ks0PGYdkCwdyyc_T4PF8dZxjPh1iRuxQ.FxN0cI41wC8Sdixa4COVm73_7aaN5w1epcdmmgbWF0Q&dib_tag=se&keywords=Ubiquiti+E7&qid=1785505131&sr=8-2
UniFi E7 Campus,E7-Campus,WiFi,발견,B0DWCG8J3Z,Ubiquiti NetworksE7 Campus (E7-Campus),794.99,https://www.amazon.com/Ubiquiti-Networks-E7-Campus-E7-Campus/dp/B0DWCG8J3Z/ref=sr_1_2?dib=eyJ2IjoiMSJ9.SKCZYYguSbGLjet6lv7E02x-d1SoVWR2cxroC2bFFnF0S_TTUaMH7_vC4-ww2r43OAFN49t0vBK9NJr_YbIpPi8fTin0Ob-c3kZpEnt2fm5XwrYEzZi4DUr6iPxkYfthKxfgAfW5WbWa6Rjt32CLdiOd_voKs8CUoCu2KyYOBEEEBIZC2boymSciaPU-oLHdxxy5zSr5zQb6SdPRHQ4jwmdP9hI9fs6SpzAHpuVBylU.85sNuctGwvIlncpFvjhVThki3CeefECB-wNb8GlXmYI&dib_tag=se&keywords=Ubiquiti+E7-Campus&qid=1785505135&sr=8-2
UniFi Enterprise Access Hub,EAH-8,Door Access,발견,B0CYH8WLKL,Ubiquiti Enterprise Access Hub (EAH-8),1323,https://www.amazon.com/Ubiquiti-Enterprise-Access-Hub-EAH-8/dp/B0CYH8WLKL/ref=sr_1_1?dib=eyJ2IjoiMSJ9.L1LwDj_kFJbBmLAaF5-FhLJwAjZlbxQ7TwxIrWKo7Y9ucj8Hgnu1jKcNxmeVvUSuHQPAj8uqJHeEQXEL1pqh3sVNu0KTaO3qYHCiYh4ny_qOy1y8zX28gLK3M8mhE_FZdpn1WxgmbrPtgFkS8jq4L6ajBSvwnYSc_cI9yZerOUZYF2MREbK2XD22Y-KNtQOwC_nGNpESNKA7XSlEMb1a7pHx1sukHfF76ZcCc6NYY7I.TQrBgDxXlouh5bbI_qa8ovZMEn7seTVM0m-0PbbylTA&dib_tag=se&keywords=Ubiquiti+EAH-8&qid=1785505138&sr=8-1
UniFi Enterprise Audio/Video Bridge,EAV-Bridge,Integrations,발견,B0H4DSMRD7,Ubiquiti Enterprise Audio/Video Bridge | EAV-Bridge,379.99,https://www.amazon.com/Ubiquiti-Enterprise-Audio-Bridge-EAV-Bridge/dp/B0H4DSMRD7/ref=sr_1_1?dib=eyJ2IjoiMSJ9.cSaSMhP04KyIxm3crya0UqsR4HhvNjDForj4EID5MD1h54_1ts4puuE_wW-JvtR6laAVGRdCkksjUyGeDYYiyUkiqBi1xxjvZTn6fzeSFW06EwTD77496mVO68QR-dgpbeslQQ9l8AZc9d82OF5sl5TAfIMfXhAvxLGw_YLD8qSrzKVVI8cehuKhdhln8HdegXAEb0In3tw2byk5GpckQmwrAqq_D2lCHnxE1j41ZW4.j2teMOUl1Y7SLYomLtclIUJbvYiCrrGMNl307C1ZW5U&dib_tag=se&keywords=Ubiquiti+EAV-Bridge&qid=1785505141&sr=8-1
UniFi Entry Sensor,USL-Entry,Physical Security,없음,,,,
UniFi Environmental Sensor,USL-Environmental,Physical Security,발견,B0G3PPR8S4,Ubiquiti UniFi Environmental Sensor (USL-Environmental),67,https://www.amazon.com/Ubiquiti-UniFi-Environmental-Sensor-USL-Environmental/dp/B0G3PPR8S4/ref=sr_1_1_mod_primary_new?dib=eyJ2IjoiMSJ9.7IDZa1uTNP--P37up3wQKNNAx5Jkvj9Iv3qkYovLmsILokXWwq5Pe5vJtvuCOrbWzGuQ6lyMMkBdPtrAy3webGrNiKJfuGcNs7Ma00zLt69MyVm77XMWnVjREXkWUYW19wfMATEjrmRUMN-B4yjWY24VHcyNscxzeb8B7U4yQ6rIYn-lXy26q_Qo19K_2uREblUM4k1TKGO4-EyEYQdb_89hsU6sM94z9NsB39q1bIE.aGLh8VI3P9y-CZ1V0Z3MSEQioKG7zh3nmxD2phQZD9A&dib_tag=se&keywords=Ubiquiti+USL-Environmental&qid=1785505148&sbo=RZvfv%2F%2FHxDF%2BO5021pAnSA%3D%3D&sr=8-1
UniFi Environmental Sensor,USL-Environmental,Physical Security,발견,B0GS7KJ5QM,"Ubiquiti Battery-Powered SuperLink Sensor that Detects Water, USL-Environmental",84.99,https://www.amazon.com/Ubiquiti-Battery-Powered-SuperLink-Detects-USL-Environmental/dp/B0GS7KJ5QM/ref=sr_1_4?dib=eyJ2IjoiMSJ9.7IDZa1uTNP--P37up3wQKNNAx5Jkvj9Iv3qkYovLmsILokXWwq5Pe5vJtvuCOrbWzGuQ6lyMMkBdPtrAy3webGrNiKJfuGcNs7Ma00zLt69MyVm77XMWnVjREXkWUYW19wfMATEjrmRUMN-B4yjWY24VHcyNscxzeb8B7U4yQ6rIYn-lXy26q_Qo19K_2uREblUM4k1TKGO4-EyEYQdb_89hsU6sM94z9NsB39q1bIE.aGLh8VI3P9y-CZ1V0Z3MSEQioKG7zh3nmxD2phQZD9A&dib_tag=se&keywords=Ubiquiti+USL-Environmental&qid=1785505148&sr=8-4
UniFi Flex,USW-Flex (46W),Switching,없음,,,,
UniFi Flex 2.5G PoE,USW-Flex-2.5G-8-PoE,Switching,없음,,,,
UniFi Flex Mini,USW-Flex-Mini,Switching,없음,,,,
UniFi Flex Utility,USW-Flex-Utility,Switching,발견,B086DWTWM4,Ubiquiti Unifi Flex Switch Adapter Kit | USW-Flex-Utility,84.99,https://www.amazon.com/Ubiquiti-Unifi-Switch-Adapter-USW-Flex-Utility/dp/B086DWTWM4/ref=sr_1_1?dib=eyJ2IjoiMSJ9._obo3Nm3e8qr9HYS_rbqGBeySVPfua5Xakitw5CouMqFVoNo70nlMx0FE8lhPrM3NpyAhIa8XXk8aWrdDIyQ2IeMQTKvmY4haEBzeTEPR2XUUD-RvTA4kL9mT7cmraGTmna0TPKJG5tqTgRJ9vd56MdvF-E_iSVtmBgj-NpwAZh983Fes3S16FpgeWKZqAQirryqgXBVAWV_WwHg9pp_wxIVZLjq2_BmRIBa4NQS_Do.EBAa6TGnjSP8abRJrbXWrh3dNEXN7Ds0_-8DHjh4g2Y&dib_tag=se&keywords=Ubiquiti+USW-Flex-Utility&qid=1785505162&sr=8-1
UniFi Flex Utility,USW-Flex-Utility,Switching,발견,B08FP4J5PL,UniFi Switch Flex USW-Flex 5-Port Layer 2 Gigabit Switch PoE with Weatherproof Enclosure UnFi Switch Flex Utility (USW-Flex-Utility),279.98,https://www.amazon.com/USW-Flex-Gigabit-Weatherproof-Enclosure-USW-Flex-Utility/dp/B08FP4J5PL/ref=sr_1_2?dib=eyJ2IjoiMSJ9._obo3Nm3e8qr9HYS_rbqGBeySVPfua5Xakitw5CouMqFVoNo70nlMx0FE8lhPrM3NpyAhIa8XXk8aWrdDIyQ2IeMQTKvmY4haEBzeTEPR2XUUD-RvTA4kL9mT7cmraGTmna0TPKJG5tqTgRJ9vd56MdvF-E_iSVtmBgj-NpwAZh983Fes3S16FpgeWKZqAQirryqgXBVAWV_WwHg9pp_wxIVZLjq2_BmRIBa4NQS_Do.EBAa6TGnjSP8abRJrbXWrh3dNEXN7Ds0_-8DHjh4g2Y&dib_tag=se&keywords=Ubiquiti+USW-Flex-Utility&qid=1785505162&sr=8-2
UniFi Flex Utility Pro,UACC-Flex-Utility-Pro,Switching,없음,,,,
UniFi Floodlight,UP-FloodLight,Physical Security,발견,B0DZXTCSYZ,UP-FLOODLIGHT Protect-Ready LED Floodlight with Long-Distance Motion Sensor,270,https://www.amazon.com/Ubiquiti-UP-FLOODLIGHT-Protect-Ready-Floodlight-Long-Distance/dp/B0DZXTCSYZ/ref=sr_1_13?dib=eyJ2IjoiMSJ9.wsDDyO5aFjF1Tg8ygjSsnU0iaXBLbd2tpcVIUVI_wTZ0heyKrQnivUl9RAmBZcE17Z5dxN0Kc9_emd4KtKYVvC1mGsbgc4jZhrf9O9Ey6983kP9hMxuHbjnAQ7iHfQfFxgVvbII5hF4gjGxBlRVDaJbVXf3Esc9iPZPmNzLRk2Yjr-ydqMP0SBcv5bLpAY7sNHKV9a9ngYyDvNSFIJCgvRcTS08v9j0R3nQgJHvsnD3MyZVYIEu5Px8li9DZoqLseVgtphwdm0vK3x25j7ZuEV4r8RErckigt4Jfewwo1Ec.gOo1omc7pmenojaCCURvON0ns1i9UCzoEFa5vPnemRQ&dib_tag=se&keywords=Ubiquiti+UP-FloodLight&qid=1785505173&sr=8-13
UniFi Floodlight,UP-FloodLight,Physical Security,발견,B09GTYLH68,"Ubiquiti NetworksSmart Flood Light, UP-FloodLight, Motion-Sensor, 550 Lumens, IPX5 Waterproof, PoE, UniFi Protect-Ready",111.98,https://www.amazon.com/Ubiquiti-Protect-Ready-Floodlight-Long-Distance-UP-FloodLight/dp/B09GTYLH68/ref=sr_1_21?dib=eyJ2IjoiMSJ9.wsDDyO5aFjF1Tg8ygjSsnU0iaXBLbd2tpcVIUVI_wTZ0heyKrQnivUl9RAmBZcE17Z5dxN0Kc9_emd4KtKYVvC1mGsbgc4jZhrf9O9Ey6983kP9hMxuHbjnAQ7iHfQfFxgVvbII5hF4gjGxBlRVDaJbVXf3Esc9iPZPmNzLRk2Yjr-ydqMP0SBcv5bLpAY7sNHKV9a9ngYyDvNSFIJCgvRcTS08v9j0R3nQgJHvsnD3MyZVYIEu5Px8li9DZoqLseVgtphwdm0vK3x25j7ZuEV4r8RErckigt4Jfewwo1Ec.gOo1omc7pmenojaCCURvON0ns1i9UCzoEFa5vPnemRQ&dib_tag=se&keywords=Ubiquiti+UP-FloodLight&qid=1785505173&sr=8-21
UniFi G2 Touch,UTP-Touch,Integrations,없음,,,,
UniFi G2 Touch Black,UTP-Touch-B,Integrations,없음,,,,
UniFi G2 Touch Max,UTP-TouchMax,Integrations,없음,,,,
UniFi G2 Touch Max Black,UTP-TouchMax-B,Integrations,없음,,,,
UniFi G3 Elevator Starter Kit,UA-G3-SK-Elevator,Door Access,없음,,,,
UniFi G3 Touch Enterprise,UTP-G3-Touch-Enterprise,Integrations,발견,B0FK1CVTQ4,Ubiquiti UniFi Talk G3 Touch Enterprise Phone - Black (UTP-G3-Touch-Enterprise),355.29,https://www.amazon.com/Ubiquiti-UniFi-Touch-Enterprise-UTP-G3-Touch-Enterprise/dp/B0FK1CVTQ4/ref=sr_1_1?dib=eyJ2IjoiMSJ9.fOpOKGttBt4zvwViKdxIoHEbf18x099ieDUBLbcm0hyzhhJ9pd8TpPgyagmtrIvpKwRR1W1gyYRK3EdwLKXKkHz72-K4aYpalSo8lPMOP_zPGSEUK3u3OcEfl1Dc3IkyhUzXctI7QalPwL3NBll8z7BqCWPQJXp_MgfCYOVudIp5F5R5GEmfwyXkT_6USCtRQMM2dBbxWRav6Lb6kQel31pf_Vo6WXwXFzdiqNrGdH4.t1Q9SfgZmNM3u4YZVnCt-4JT0LaqRjEfLRVelmzcBZ0&dib_tag=se&keywords=Ubiquiti+UTP-G3-Touch-Enterprise&qid=1785505200&sr=8-1
UniFi G3 Touch Pro,UTP-G3-Touch-Pro,Integrations,발견,B0DVGZM1WV,Ubiquiti UTP-G3-Touch-Pro,,https://www.amazon.com/Ubiquiti-Networks-UTP-G3-Touch-Pro/dp/B0DVGZM1WV/ref=sr_1_1?dib=eyJ2IjoiMSJ9.DlHBgTCUkJJw15qpCE-eHFoeRwIqLAckJDbmnCw57XyYcImnrw1lAWrwq9qS6rx08SNKTtsPKhFj1HD69NGD77PtgT3iV8lmv7oxXd-rHaZIoIlZnWJP2ijK3BMLDVVQlogFEbQ6LxIoiGpxQfN8WIK6-u1gNhLKtyE4uhHLYEqQKiPFRTZBt59csQgx-ekcNqJGMQvs2nH3oXEFH2Y2bc2QTN-_fb6psVH8-ffds5c.AjUJDxnkSBi72Bg7jO9_X8f9FGZCnwVncvdq-QFAehs&dib_tag=se&keywords=Ubiquiti+UTP-G3-Touch-Pro&qid=1785505204&sr=8-1
UniFi G3 Touch Pro,UTP-G3-Touch-Pro,Integrations,발견,B0FJRZRQTX,Ubiquiti UTP-G3-Touch-Pro (Renewed),,https://www.amazon.com/Ubiquiti-Networks-UTP-G3-Touch-Pro-Renewed/dp/B0FJRZRQTX/ref=sr_1_3?dib=eyJ2IjoiMSJ9.DlHBgTCUkJJw15qpCE-eHFoeRwIqLAckJDbmnCw57XyYcImnrw1lAWrwq9qS6rx08SNKTtsPKhFj1HD69NGD77PtgT3iV8lmv7oxXd-rHaZIoIlZnWJP2ijK3BMLDVVQlogFEbQ6LxIoiGpxQfN8WIK6-u1gNhLKtyE4uhHLYEqQKiPFRTZBt59csQgx-ekcNqJGMQvs2nH3oXEFH2Y2bc2QTN-_fb6psVH8-ffds5c.AjUJDxnkSBi72Bg7jO9_X8f9FGZCnwVncvdq-QFAehs&dib_tag=se&keywords=Ubiquiti+UTP-G3-Touch-Pro&qid=1785505204&sr=8-3
UniFi G3 Touch Wall,UTP-G3-Touch-Wall,Integrations,발견,B0FK5LXWXG,"Ubiquiti G3 Touch Wall - 7"" Touch Display Wall Phone - Black (UTP-G3-Touch-Wall)",499.99,https://www.amazon.com/Ubiquiti-G3-Touch-Wall-UTP-G3-Touch-Wall/dp/B0FK5LXWXG/ref=sr_1_1?dib=eyJ2IjoiMSJ9.FwmmCJ9WucZfkB2kBa1e9yYpNj_OaJZ5jqbkLImEGInsnImh0aYysKH0jDSUxsCeKv9sIzlzHMRdLbz_hf9GvY2-KAKB4QxI1dJIaCI5l9hCGDlJF6vGE8ouSD5lrGHfBTkZsxMqhUCoGISKwxf7WCEkuk7TQItJz5K1uk6VNZ417m5hYFJZb9mXXyke_4-pWVIDx4KCVsNSNYJpHdcsnmDPLG8UJOc_TQqRY2w5bOc.I45-HhbSmWbZp6z-gkUT3GMEx0zMhNJGx1i-2p1Ml_U&dib_tag=se&keywords=Ubiquiti+UTP-G3-Touch-Wall&qid=1785505208&sr=8-1
UniFi G3 Wireless Handset,UT-G3-Handset,Integrations,발견,B0FJMKLGBC,Ubiquiti G3 Wireless Handset for G3 Touch Phones (UT-G3-Handset),140,https://www.amazon.com/Ubiquiti-Wireless-Handset-Phones-UT-G3-Handset/dp/B0FJMKLGBC/ref=sr_1_1?dib=eyJ2IjoiMSJ9.8usa9hDDI3FF_tct8FlbvTqXfVYnUdfo-gzOmkBNqRtKZ9-YkxnayEkDwM78gS8wZYz6mQ69xfuEDtoCCHZH9HYIfpelLSMDfjmgIAsjkCcpXRV0K2vtkep3R2wCsEOXAAAiGjJ3EYYgpJJVaFdDOvnpMAFTgdwsobos8ojaUjjdDa6FpaI8dFu5jmwMXjdbBDpVQ-6xWUMFboHpcYYWufjkz1pi5HSEz2ZyRdhNOjI.9AhfsTD-e1ZUjnr1r4WYLjoJYj6E2RP24SKpNbavX4o&dib_tag=se&keywords=Ubiquiti+UT-G3-Handset&qid=1785505211&sr=8-1
UniFi G4 Instant,UVC-G4-INS,Physical Security,발견,B09ZRQP8HR,UbiQuiti UVC-G4-INS,148.99,https://www.amazon.com/Ubiquiti-UniFi-Video-Camera-UVC-G4-INS/dp/B09ZRQP8HR/ref=sr_1_1?dib=eyJ2IjoiMSJ9.s7E2QGBfEEwz8uSAzWzk7mrzIpcDlee0D08bjATjm7oAu8jiY-u0TkJPQpepeI5RYrl7XRZxRzrOYzshkt6r44mNHR8UFr0d8eJqy1FTgu6wjk3CtGWWdy0o-mbPql2zkBEb3M8Mu0AP1LFyeu4yCVs2n9KNnue_r_6Gl3NTanhJKVL6sYX3ykUVL0nsCTIVAHk-1yEngPA5a6PHsPx0FGfSDXdXesZSDx4hmc2yRq4.KWhiZ0PTe_dMXiWpfEqYqloTzfAjN3j-0CZnjBSeqzU&dib_tag=se&keywords=Ubiquiti+UVC-G4-INS&qid=1785505217&sr=8-1
UniFi G4 Instant,UVC-G4-INS,Physical Security,발견,B09YN7SXYV,Ubiquiti UniFi UVC-G4-INS 5 Megapixel Indoor 2K Network Camera - Color,134,https://www.amazon.com/Ubiquiti-UVC-G4-INS-Megapixel-Indoor-Network/dp/B09YN7SXYV/ref=sr_1_2?dib=eyJ2IjoiMSJ9.s7E2QGBfEEwz8uSAzWzk7mrzIpcDlee0D08bjATjm7oAu8jiY-u0TkJPQpepeI5RYrl7XRZxRzrOYzshkt6r44mNHR8UFr0d8eJqy1FTgu6wjk3CtGWWdy0o-mbPql2zkBEb3M8Mu0AP1LFyeu4yCVs2n9KNnue_r_6Gl3NTanhJKVL6sYX3ykUVL0nsCTIVAHk-1yEngPA5a6PHsPx0FGfSDXdXesZSDx4hmc2yRq4.KWhiZ0PTe_dMXiWpfEqYqloTzfAjN3j-0CZnjBSeqzU&dib_tag=se&keywords=Ubiquiti+UVC-G4-INS&qid=1785505217&sr=8-2
UniFi G5 Bullet,UVC-G5-Bullet,Physical Security,발견,B0BVGKWVSR,Ubiquiti UniFi Protect G5-Bullet Camera | UVC-G5-Bullet,157.93,https://www.amazon.com/Ubiquiti-Protect-G5-Bullet-Camera-UVC-G5-Bullet/dp/B0BVGKWVSR/ref=sr_1_1?dib=eyJ2IjoiMSJ9.r90jDwDCMRrfk2_QkTlTiIMLlSCdZmMAN53RzurPY35hcnf2Y7cjRNS2JJv1WkYeNUwGvJECtsuV5aABKPtsw_qR5obmnMHzVSx8VpRTYVd0KuJmKzgJrsAPFbUqc5ckZSK0Z9t3qrmCeBxa4a4RRw88gOGrE21ygqKtdO-6-qR3d9mcKrrRrSpnjHzX9bfq5ZMht7uQQa2k6o6f1RsiICtY0-YjCobbVYU8APuKDqM.zT0JcDQ7Fj9nbQ3vSEeaaJPKHMBrG7vvm3xGUTvn3XY&dib_tag=se&keywords=Ubiquiti+UVC-G5-Bullet&qid=1785505221&sr=8-1
UniFi G5 Bullet,UVC-G5-Bullet,Physical Security,틀림,B0GFY5TMW7,3D Threaded Base Mount Compatible with Ubiquiti Unifi G5 Bullet Camera (UVC-G5-BULLET),14.99,https://www.amazon.com/Threaded-Compatible-Ubiquiti-Bullet-UVC-G5-BULLET/dp/B0GFY5TMW7/ref=sr_1_11?dib=eyJ2IjoiMSJ9.r90jDwDCMRrfk2_QkTlTiIMLlSCdZmMAN53RzurPY35hcnf2Y7cjRNS2JJv1WkYeNUwGvJECtsuV5aABKPtsw_qR5obmnMHzVSx8VpRTYVd0KuJmKzgJrsAPFbUqc5ckZSK0Z9t3qrmCeBxa4a4RRw88gOGrE21ygqKtdO-6-qR3d9mcKrrRrSpnjHzX9bfq5ZMht7uQQa2k6o6f1RsiICtY0-YjCobbVYU8APuKDqM.zT0JcDQ7Fj9nbQ3vSEeaaJPKHMBrG7vvm3xGUTvn3XY&dib_tag=se&keywords=Ubiquiti+UVC-G5-Bullet&qid=1785505221&sr=8-11
UniFi G5 Dome,UVC-G5-Dome,Physical Security,없음,,,,
UniFi G5 Dome Ultra,UVC-G5-Dome-Ultra,Physical Security,발견,B0CZ6RF6BV,Ubiquiti G5 Dome Ultra (UVC-G5-Dome-Ultra),109.95,https://www.amazon.com/Ubiquiti-G5-Dome-Ultra-UVC-G5-Dome-Ultra/dp/B0CZ6RF6BV/ref=sr_1_1?dib=eyJ2IjoiMSJ9.mOgWD6p35K2qPtT0xRYqHfGgAa5AuEMOp64suLtDvlnQGdlV9ux_gJcH2fWWrb_6Fb-FQdrrRbZG7LNFqLVMmmLVkydExBXXzdkBUsC7jtYwCjo1Bxfzt9a8EiFgkBuj45uZEdY4fdn3aCHzAOBPw32_U2qvB85oQjun3wBq4rTgecOh-09AX8y2CYWtOKfEEnXxtWCSBWf2iO7O_hE5_mOT07y3_dDYaGTMGEPRd2E.NtG_Qb44rMSNeAL18pUzhb5pgbCJdSzxWYs8ay6pe50&dib_tag=se&keywords=Ubiquiti+UVC-G5-Dome-Ultra&qid=1785505230&sr=8-1
UniFi G5 Dome Ultra Black,UVC-G5-Dome-Ultra-B,Physical Security,발견,B0DTHZWKTZ,UbiQuiti UVC-G5-DOME-ULTRA-B,104.99,https://www.amazon.com/Ubiquiti-Networks-Uvc-g5-dome-ultra-UbiQuiti-UVC-G5-DOME-ULTRA-B/dp/B0DTHZWKTZ/ref=sr_1_2_mod_primary_new?dib=eyJ2IjoiMSJ9.mOgWD6p35K2qPtT0xRYqHfGgAa5AuEMOp64suLtDvlnQGdlV9ux_gJcH2fWWrb_6Fb-FQdrrRbZG7LNFqLVMmmLVkydExBXXzdkBUsC7jtZS_5VlRzQPRfeD99u2kKz636na_V4U6Ebov1guFCyQ1MH4iI_gtSLUn0rkeeFMwelEIfu6nfbAAGNsejGTkd8MGfdUGPkKlNRO7TcUhiKjr4SBlPRFukHKOxatXwD52mg.8pnnRrasMl0bbVmGsywHY9XxgwCbVH2KcPod9Fn9j1E&dib_tag=se&keywords=Ubiquiti+UVC-G5-Dome-Ultra-B&qid=1785505234&sbo=RZvfv%2F%2FHxDF%2BO5021pAnSA%3D%3D&sr=8-2
UniFi G5 Flex,UVC-G5-Flex,Physical Security,발견,B0C77RYQC9,Ubiquiti UVC-G5-Flex 5 Megapixel Indoor/Outdoor Network Camera - Color,161,https://www.amazon.com/Camera-UBIQUITI-UVC-G5-FLEX-UNIFI-Protect/dp/B0C77RYQC9/ref=sr_1_1?dib=eyJ2IjoiMSJ9.QDg4acwr3pwcY7O7I9K80EKY8FK17lHjtvWaUZlPHoBpPkKTA22g8dWZ7iq8UJv0xq71hG7SfDmA08aWYY7pi2eRYsyjC6qAdGiF3Q54WYyzKo237hm-scvXFu48MJAGEsckb23b584rlTTVa5FrNrIqZ7wKWoumUqvIDyCyLmjTT55RLPV-Pe-jwUznRekPIv6Pke3zCpwz7FsXOfO3iW9ustuX2c5uyuAbqcd2a_k.WWMt7QNCGmt6nONzfQC5_o4Vdq9frpCJn3Hf5ZkWA0k&dib_tag=se&keywords=Ubiquiti+UVC-G5-Flex&qid=1785505239&sr=8-1
UniFi G5 PTZ,UVC-G5-PTZ,Physical Security,없음,,,,
UniFi G5 PTZ Black,UVC-G5-PTZ-B,Physical Security,발견,B0H4ZM52HT,Ubiquiti UVC-G5-PTZ-B: Compact All-Weather PTZ Camera with Low-Latency Pan/Tilt/Zoom and Versatile Mounting Options,436.02,https://www.amazon.com/Ubiquiti-UVC-G5-PTZ-B-All-Weather-Low-Latency-Versatile/dp/B0H4ZM52HT/ref=sr_1_1?dib=eyJ2IjoiMSJ9.2gC6KVo7rgTmTr29cK2SoQD3CAw2c7NvVEh33aN3fMLDArU0eOcI3wnjXId2RYbjYB0hB98xbRp9Xs4eHWue7msvlT1KHie3jYrIroaoaYXL7MN3GQ_Jsj2eT7AqsYsgGJNOyl76umLKZeF7OwfmaUzvedMb__DI7qvtT_pSliugqkzasEURYb8J-zaVJjDxtHKz_DBNwsru0mpm1fGPIhHrYuHriTNFf1KGxPy6HJ8.hLefn9SgQPuiIXyMKzzP89YZ36VbK7i_nZBrp2ucDSA&dib_tag=se&keywords=Ubiquiti+UVC-G5-PTZ-B&qid=1785505249&sr=8-1
UniFi G5 Pro,UVC-G5-Pro,Physical Security,발견,B0CD2MXQG9,Ubiquiti UniFi UVC-G5-Pro 8 Megapixel Indoor/Outdoor 4K Network Camera - Color - Bullet,392.99,https://www.amazon.com/UbiQuiti-UniFi-Video-Camera-UVC-G5-PRO-PC/dp/B0CD2MXQG9/ref=sr_1_1?dib=eyJ2IjoiMSJ9.BQk9V5bA0VkSUco2P4sqoKQX1Szr8OG_V34xPE1xsutE6pzMKC4ROzymM1_OKj9Oi8VOT2kYSJK542VKEer-kP2iXrhXHtVY6lo9feUXnij-yhliEMjaOFyASUKE67nV1MWCLKuXtLG4qQy7OcLYqknqPO34tu4tHwf2xWztsKZRSjE5oTZqbd67eMCOMlC1s4sZ0W9iMUj4e98E-HIRMWY67uCidbQfCBPukP6XHY0.GM-hsCOFqDyKgCpF-R7Rorx7Z4fHhaTECGlvaAAmEd8&dib_tag=se&keywords=Ubiquiti+UVC-G5-Pro&qid=1785505252&sr=8-1
UniFi G5 Turret Ultra,UVC-G5-Turret-Ultra,Physical Security,발견,B0CZ9Q8J8C,Ubiquiti G5 Turret Ultra (UVC-G5-Turret-Ultra),109,https://www.amazon.com/Ubiquiti-G5-Turret-Ultra-UVC-G5-Turret-Ultra/dp/B0CZ9Q8J8C/ref=sr_1_1?dib=eyJ2IjoiMSJ9.r2cE0sY5AZkjbNrRKGejt3-aBHSLNOZxcNE_rp-Mcv0tsJmSEVRit3bymjLZtPo8Sp-w_uS_64Kz7__bAeb1qBWB1i9GdbPqSs685fox4qnUmjQUfPaXyfnGIUgi3sDYGO0LOf6-At9rZ6iyBbqfXfzOfkTxGjXvylsvDq6bvQjFHWYZbTWXGDHgYUjUesM-GQ9ZMIvmXoHgmG9O9QxZZBfqOxMkKPwvOA_X8memYXE._VYj1h9Z0dlM2igw-kRzfjFvR6kZjp7gjsJFAfWaqeo&dib_tag=se&keywords=Ubiquiti+UVC-G5-Turret-Ultra&qid=1785505255&sr=8-1
UniFi G5 Turret Ultra Black,UVC-G5-Turret-Ultra-B,Physical Security,틀림,B0FL7BRW6H,Ubiquiti UniFi Video Camera UVC-G5-Turret-Ultra-B (Renewed),,https://www.amazon.com/Ubiquiti-UniFi-Camera-UVC-G5-Turret-Ultra-B-Renewed/dp/B0FL7BRW6H/ref=sr_1_3?dib=eyJ2IjoiMSJ9.r2cE0sY5AZkjbNrRKGejt3xin5L5o2ou9AMD5r1QJt5gNeR1WrFsxx2SiBM-3NKfxxcGroy7_P80NjkkLzBaPh3VrSz3XH9tpYrQvgnkBGyV4mP-P088vF4ZsfIKHhS1CJabYxqxIf6H3h2qKgOS8pZ7f2La7kiykEQcvQyc5DKfN0asp4kenUNDM3FxuyiHn9i8afcePpyTLGNuM4qqJTUduzBF1iLV6RAyXpy8a1U.6of6t-Lmi_nfBxdzw3aqSSu7u3gO-4II_wikfVzHg1k&dib_tag=se&keywords=Ubiquiti+UVC-G5-Turret-Ultra-B&qid=1785505258&sr=8-3
UniFi G6 180,UVC-G6-180,Physical Security,없음,,,,
UniFi G6 180 Black,UVC-G6-180-B,Physical Security,없음,,,,
UniFi G6 Bullet,UVC-G6-Bullet,Physical Security,없음,,,,
UniFi G6 Dome,UVC-G6-Dome,Physical Security,없음,,,,
UniFi G6 Dome Black,UVC-G6-Dome-B,Physical Security,발견,B0FRSVVMH3,Ubiquiti UVC-G6-Dome-B,,https://www.amazon.com/Ubiquiti-Networks-UVC-G6-Dome-B/dp/B0FRSVVMH3/ref=sr_1_1?dib=eyJ2IjoiMSJ9.5IFVlHPlw5uGHocl1hdYVHZ7boO6wgjaVq04dWr0ocOkAiQ2JAiXIUnVSQCBRJiTM5abFrdZDi6MO-1UvA9gfQC8d-xYLjCd3aWi9FW0CjbNxnbEzc3yKOJB_zSq426Ve6KK0NUufsQjk9v3rJ-knbMjz5AMilq4rthp-zilUTULMcF_thXNQOih8YnKul_DUVfj1i6EAH1j4PD1fz5XYPS-_OJF-8jy2uzCp332liE.VMspV66VQq1lChFOBk0EBoUdJbTNuWHsQQ34EDnGRX4&dib_tag=se&keywords=Ubiquiti+UVC-G6-Dome-B&qid=1785505280&sr=8-1
UniFi G6 Entry,UVC-G6-ENTRY,Door Access,발견,B0GHBTFW9P,Ubiquiti UVC-G6-Entry UniFi Video Camera G6 Entry,320.94,https://www.amazon.com/Ubiquiti-UVC-G6-Entry-UniFi-Video-Camera/dp/B0GHBTFW9P/ref=sr_1_1?dib=eyJ2IjoiMSJ9.HthwjBaOZlUOLsqeY7eX3S3XEM5QDBLKUejeY_4oBd-F776p8t6ZNiRH5RIZkivwCcz59kBy3oWiOM-skXPU6u_hSNJ-etim0LFVycA7pPDZhHTZGI95_CBfxCQTkzdllKyY88sFCRR12oQBg-UbxzhNLGBv7P8OcnW_4uXHsf2cpotxKISz2yTtsX3T1Oe9p2c9ztrEA5vpbepa4MaUm9Nh62PY63etG-tx897l6sI.gXzw5_3vFi-wi6QYrBCb5r8RUXRCWe4n_n3htCIrezY&dib_tag=se&keywords=Ubiquiti+UVC-G6-ENTRY&qid=1785505285&sr=8-1
UniFi G6 Instant,UVC-G6-INS,Physical Security,틀림,B0GZS1CLQN,"Metal Replacement Mount Plate for Ubiquiti Unifi G4/G6 Instant Camera | Metal Backplate for UVC-G4-INS & UVC-G6-INS, Third-Party Unifi Instant Camera Plate Accessory",9.4,https://www.amazon.com/OHBET-Replacement-Ubiquiti-Instant-Camera/dp/B0GZS1CLQN/ref=sr_1_16?dib=eyJ2IjoiMSJ9.sKYWw1I5yrgX4omlHB6b71aIeNmxd9deqtpQTCQ3GuL4VahKkcgcS3k9LsWxduAkDPiFCepWJKQJUIYhcGKmW3WHhxgBvfjE2XD_ADdzD_nT1tXuD-xUrAfbWrtFKjSMDD-RFB7XvzR_dU7Hje_RC8xGOaZGoQ4DS5SNVPdbUrH6B6wz83-P8a4lCi19GBM0Ybiav-GQCupM7hdaCln411a_YE33yVLh6xqy95S9Hg0.kaW78j_For9Y6XA8xcfyxxqlMZpjzL40nmOUYSiN8Kc&dib_tag=se&keywords=Ubiquiti+UVC-G6-INS&qid=1785505288&sr=8-16
UniFi G6 Mini Dome,UVC-G6-Mini-Dome,Physical Security,없음,,,,
UniFi G6 Mini Dome Black,UVC-G6-Mini-Dome-B,Physical Security,없음,,,,
UniFi G6 PTZ,UVC-G6-PTZ,Physical Security,없음,,,,
UniFi G6 PTZ Black,UVC-G6-PTZ-B,Physical Security,없음,,,,
UniFi G6 Pro 360,UVC-G6-Pro-360,Physical Security,없음,,,,
UniFi G6 Pro 360 Black,UVC-G6-Pro-360-B,Physical Security,발견,B0H5626415,"Ubiquiti UVC-G6-Pro-360-B 12MP PoE 全天候防破壞戶外安全攝影機, 支援 360°全景、數位雲台變焦及智慧紅外線",762.24,https://www.amazon.com/Ubiquiti-UVC-G6-Pro-360-B-12MP-%E5%85%A8%E5%A4%A9%E5%80%99%E9%98%B2%E7%A0%B4%E5%A3%9E%E6%88%B6%E5%A4%96%E5%AE%89%E5%85%A8%E6%94%9D%E5%BD%B1%E6%A9%9F-360%C2%B0%E5%85%A8%E6%99%AF%E3%80%81%E6%95%B8%E4%BD%8D%E9%9B%B2%E5%8F%B0%E8%AE%8A%E7%84%A6%E5%8F%8A%E6%99%BA%E6%85%A7%E7%B4%85%E5%A4%96%E7%B7%9A/dp/B0H5626415/ref=sr_1_1?dib=eyJ2IjoiMSJ9.rPSZzX9bbe3gv-3HaksNn80YyrIcGQvEoCGry7FgiKH7Mh1qZR8cp2CyCOqyUqrtpvNh03MJdI9RY-lqG4WsxCGq5XmKOJRxGJqgAs6fB7P50fpKbvdJLzhNHHhH1oOEYGmz-LBkAP_vbRuS9yYTfr_OZvtoF3gEyoE6h4u_RiYtV2VkhMppdou6f9m6GhzLZ7PJC2mn7Gk1egh6XFaTj2hGRDFbw3vJOK9_opUkqhU.t1h30-kdbhKmuiVpCknCN3VPDlkevqOs39WJdHkMwrc&dib_tag=se&keywords=Ubiquiti+UVC-G6-Pro-360-B&qid=1785505313&sr=8-1
UniFi G6 Pro Bullet,UVC-G6-Pro-Bullet,Physical Security,없음,,,,
UniFi G6 Pro Bullet Black,UVC-G6-Pro-Bullet-B,Physical Security,없음,,,,
UniFi G6 Pro Dome,UVC-G6-Pro-Dome,Physical Security,없음,,,,
UniFi G6 Pro Dome Black,UVC-G6-Pro-Dome-B,Physical Security,없음,,,,
UniFi G6 Pro Turret,UVC-G6-Pro-Turret,Physical Security,없음,,,,
UniFi G6 Pro Turret Black,UVC-G6-Pro-Turret-B,Physical Security,없음,,,,
UniFi G6 Turret,UVC-G6-Turret,Physical Security,없음,,,,
UniFi G6 Turret Black,UVC-G6-Turret-B,Physical Security,발견,B0G1PJ5S8Y,Ubiquiti UniFi G6 Turret Camera - Black (UVC-G6-Turret-B),231.27,https://www.amazon.com/Ubiquiti-UniFi-Turret-Camera-UVC-G6-Turret-B/dp/B0G1PJ5S8Y/ref=sr_1_1?dib=eyJ2IjoiMSJ9.U7qwMfZZScBc86lySmnxfAC4WhuAKYzgZCQ1euGXxN7wzukJ7D3JrYdnKlrJC8jnhlL2jKfq7M2ApoEyAkaoOwDPzzqtwlDHORzU5QUP_tsPu8Gdn2LQo5IiNostFINQJJmZOewwQucjlM8tLGcGTKdyzSTYRxu_foKyWCsN4eDqmusk1Pl1B0V1LJQQtQqIQNf24qnQ_pfPLur1MnAfsuHlNfAamqj8-QAFDEOBgpM.dwAKwm6dqVcgASDnNyQha785PRoLM5n2DwnV-r-AJVQ&dib_tag=se&keywords=Ubiquiti+UVC-G6-Turret-B&qid=1785505350&sr=8-1
UniFi Gate Hub,UA-Hub-Gate,Door Access,발견,B0DSJMYFZN,Ubiquiti Gate Hub (UA-Hub-Gate),403.68,https://www.amazon.com/Ubiquiti-Networks-UA-Hub-Gate-Gate-Hub/dp/B0DSJMYFZN/ref=sr_1_1?dib=eyJ2IjoiMSJ9.98m4iUwY1kkf3i8JakYbGdPY79Y7vpA9exOIhCr51R91LCfk1cWBOXnj6FlYRbbH2_kLMBtCK0AfCeYg7Y-p5k7HQQX1tlHP-nR7VIkIw0BKv35AbLao30M9Q10xy1LJNg7KJQfWlAOxctCZ7DcitU5cGkWwbySz0uXD7McLYztoPJCqfQ486rtOyDx_eDSLBgWmVlJJ0Qb5Gn66sT60RtDn5auRt3jwkel4VzEhBdw.U8U5CqDDy31_il-NjCxNPONthzYYVfVcB5DzpHTZFKs&dib_tag=se&keywords=Ubiquiti+UA-Hub-Gate&qid=1785505353&sr=8-1
UniFi Gate Hub,UA-Hub-Gate,Door Access,발견,B0H52DTHW9,Gate Access Controller UA-Hub-Gate by Ubiquiti,425,https://www.amazon.com/Gate-Access-Controller-UA-Hub-Gate-Ubiquiti/dp/B0H52DTHW9/ref=sr_1_3?dib=eyJ2IjoiMSJ9.98m4iUwY1kkf3i8JakYbGdPY79Y7vpA9exOIhCr51R91LCfk1cWBOXnj6FlYRbbH2_kLMBtCK0AfCeYg7Y-p5k7HQQX1tlHP-nR7VIkIw0BKv35AbLao30M9Q10xy1LJNg7KJQfWlAOxctCZ7DcitU5cGkWwbySz0uXD7McLYztoPJCqfQ486rtOyDx_eDSLBgWmVlJJ0Qb5Gn66sT60RtDn5auRt3jwkel4VzEhBdw.U8U5CqDDy31_il-NjCxNPONthzYYVfVcB5DzpHTZFKs&dib_tag=se&keywords=Ubiquiti+UA-Hub-Gate&qid=1785505353&sr=8-3
UniFi Gate Starter Kit,UA-SK-GATE,Door Access,발견,B0FD8C8R97,UbiQuiti UA-SK-GATE Network Accessories,1266,https://www.amazon.com/Ubiquiti-Networks-UbiQuiti-UA-SK-GATE-Accessories/dp/B0FD8C8R97/ref=sr_1_1?dib=eyJ2IjoiMSJ9.f3odMBJHdVjFvb_xN-Lsov4BZjjRv5jfvxpOklpnuzGvYXwD8LJshcRxZzOgr2B0Hw2S_TfRfizKch6ualfqOJkJIyhCWfaNrF79jXTtn_r9px74cZ7Gx5efc9OLcC6J5JTSXwTgg1z3JhQ8wt6pFkwHMOsD1MaFWNTTvoxYa96_iT_0hz_NLNeOEm0UakUA1qTK5iYFQmg7XFGr-5foD8Urlp1ZOOsDolE3dgfgaR0.arA13wmrxdErS00QpeoqYTZy37di5PHa1-q9h-iY9ew&dib_tag=se&keywords=Ubiquiti+UA-SK-GATE&qid=1785505358&sr=8-1
UniFi Glass Break Sensor,USL-GlassBreak,Physical Security,없음,,,,
UniFi Intercom Flush Mount,UACC-Intercom-FM,Door Access,없음,,,,
UniFi Intercom Sunshield,UACC-Intercom-Sunshield,Door Access,발견,B0DRKV4ZJX,"UACC-Intercom-Sunshield Access Intercom Sunshield Accessory for UA-Intercom, Sun-Proof and UV-Resistant",,https://www.amazon.com/UACC-Intercom-Sunshield-Sunshield-Accessory-UA-Intercom-UV-Resistant/dp/B0DRKV4ZJX/ref=sr_1_12?dib=eyJ2IjoiMSJ9.-gr15WjpOHl0u4CxxFJUuUo57pGiKjZa1MCNm8H_7mHKXKnO2M2CZ-lbtlSAyURee7bucKp5lmapvJ52MZ4FzRCTOcLYhqkcOWqODrebNU6EUU-qWkWynHzfWkIfbVf4HAMQZlk0m2NEfjkRRBCZVEtGrwiDKYlOCOz7p3SAg74vVId_1PzXWvdysLGsLjO3UcDRv0CmR9e-XuNgFlmo1p_5uo1XLMO95-xnnXh4Qx_6zlfPgyyc5YxgLHrLWBnz1q8cRssgXm8WKWoPSFX5FkmBehq1pD4LvAlowbNPvxQ.Dvad6RFwyK9DhMQkvCOZxqe5JHbGc9RZxDeDfSiimzI&dib_tag=se&keywords=Ubiquiti+UACC-Intercom-Sunshield&qid=1785505367&sr=8-12
UniFi Intercom Surface Angle Mount,UACC-Intercom-SAM,Door Access,없음,,,,
UniFi Intercom Viewer,UA-Intercom-Viewer,Door Access,없음,,,,
UniFi Intercom Viewer Table Stand,UACC-Intercom-Viewer-TS,Door Access,없음,,,,
UniFi Intercom Wedge Mount,UACC-Intercom-WM,Door Access,없음,,,,
UniFi Junction Utility,UACC-Junction-Utility,Door Access,없음,,,,
UniFi LTE Backup Pro,U-LTE-Backup Pro,Integrations,발견,B0CXDWQGLZ,Ubiquiti U-LTE-Backup Pro,269.99,https://www.amazon.com/Ubiquiti-Networks-U-LTE-Backup-Pro/dp/B0CXDWQGLZ/ref=sr_1_1?dib=eyJ2IjoiMSJ9.Lue3YmuAOnE9JlW2mFbY4IqG6sUSdga8cFtn6TwPFlwFTUfmS_obz3Q8CWLXxt4oHVCE71wC4l3UMLkRgdoso68eu-7emrveYzDpxkbF5VWlOfiA5bBmggy9asYqGBOBEgMZC6cMrguKVUnXj5oAjCShBP0At7-eEy57EFZX7dDhepXmaJmaQvVk_tA4JFgb7Z9PBdePj9kzzBO3bp_CMBUc_xM4MRpw2COFwY8kocM.2H6-8xmL_YGggiO3Wyih5EzoH30fS5AA2QdUvQPVN68&dib_tag=se&keywords=Ubiquiti+U-LTE-Backup+Pro&qid=1785505389&sr=8-1
UniFi Magnetic Lock,UA-Lock-Magnetic,Door Access,없음,,,,
UniFi Mobile Router,UMR,Integrations,없음,,,,
UniFi Mobile Router Industrial,UMR-Industrial,Integrations,없음,,,,
UniFi Mobile Router Ultra,UMR-Ultra,Integrations,발견,B0FD8CKYHG,UbiQuiti UMR-ULTRA,173,https://www.amazon.com/Ubiquiti-Networks-810084697146-UbiQuiti-UMR-ULTRA/dp/B0FD8CKYHG/ref=sr_1_1?dib=eyJ2IjoiMSJ9.NTHzPTdSiTtmxWoF9FxUi4ze0pTk3WHB6Ru1uG9yJf6g_UrB0nMdbMcxJ9vseKDXsbA0qdraa24W402F23JdYynHx-zUz0xwG7WgEBTkEmWrKfhGpGAYDBXya_JJiqKfHXyxiPxKHWrJFAsm4p5kaERYLI9clvJQqbBaIo4FU1xZ9_q87FenL97BKnmiCLtYZcLhwlmUL9Lz5yND4pZA04er4p7VsckPUFwoEUnkk-s.Jk5ILV-vkCbWUDaiG24AGYWQN6Mi6onSCnQl7aHI1Q8&dib_tag=se&keywords=Ubiquiti+UMR-Ultra&qid=1785505413&sr=8-1
UniFi Motion Sensor,USL-Motion,Physical Security,없음,,,,
UniFi Network Video Recorder Instant,UNVR-Instant,Physical Security,없음,,,,
UniFi Panic Bar,UACC-PanicBar,Door Access,없음,,,,
UniFi PoE Audio Port,UPL-Port,Integrations,없음,,,,
UniFi PoE Audio Port Black,UPL-Port-B,Integrations,없음,,,,
UniFi PoE Over 2-Wire Retrofit Extender,UACC-Retrofit-PoE-2Wire,Door Access,없음,,,,
"UniFi Pocket Keyfob, 10-Pack",UA-Pocket,Door Access,없음,,,,
UniFi PowerAmp,UPL-Amp,Integrations,없음,,,,
UniFi PowerAmp Black,UPL-Amp-B,Integrations,틀림,B0FPX8YVZJ,GUY-TECHAC Cable Compatible for Ubiquiti UniFi PowerAmp UPL-Amp-B UPL-Amp-W Premium Speaker Replacement Charging Cord,13.78,https://www.amazon.com/Guy-Tech-Compatible-UPL-Amp-B-UPL-Amp-W-Replacement/dp/B0FPX8YVZJ/ref=sr_1_15?dib=eyJ2IjoiMSJ9.8r59VNSO-WISbYhDim2cF1vmynwUOe4-al7HB_5wOVx_hLfRcYfnIPhWR_I4JYu6YqYQlUVodOYZC4QXHwiDor5_6z60xYj1UF84AFfPJM6MkbYHgSt2orxmCtv_U0f4IDoHfoGf9eXDyszBJ6lzQBdojhYJ1tn2jPoS7jVEVdP1czN6mMl1tla8nw3SamU2yIuKxUU4ToWfYP480JrOp8Tglop368Diym_edo-01a4.x32UaFX-rhMxJGPmFD0ux5E0sJM1gCvJf4iYQesPB2k&dib_tag=se&keywords=Ubiquiti+UPL-Amp-B&qid=1785505451&sr=8-15
UniFi Pro Max 16,USW-Pro-Max-16,Switching,없음,,,,
UniFi Protect Viewport,UP-Viewport,Physical Security,없음,,,,
UniFi Reader Flex,UA-G3-Flex,Door Access,없음,,,,
UniFi Reader Flex Black,UA-G3-Flex-B,Door Access,발견,B0DVMHFTSB,Ubiquiti NetworksReader Flex (UA-G3-Flex-B),247.63,https://www.amazon.com/Ubiquiti-Networks-Reader-Flex-UA-G3-Flex-B/dp/B0DVMHFTSB/ref=sr_1_1?dib=eyJ2IjoiMSJ9.0oO6sj5D9LAxyCc-X83u5jqnEH_0oOt_sBoIYj_g54KcXG9IvItrFlG0qj12DxFtAIrHF7mDXOtObDQH6iQksFpgSlApKfptyNPMO2AYjutSFyGcNq0t44LdtfU9XmZ9HPPG2KvW4iW10eGsLMXco3ZiMXe1zUa8iJ98Gck2Z7xAZDglo-vCKiASeCg_Ya-To0FrUM7WGiZI12uwumM4QeXNivuKskrqThcaqqkpGMQ.aSF10INzE4QvLArEb3l9bei1i0r2I9NpAXvPS0P5zok&dib_tag=se&keywords=Ubiquiti+UA-G3-Flex-B&qid=1785505467&sr=8-1
UniFi Reader Junction Box,UACC-Reader-JB,Door Access,없음,,,,
UniFi Reader Junction Box Black,UACC-Reader-JB-B,Door Access,발견,B0FD89FTQ6,Ubiquiti Junction Box for UniFi Access – UACC-Reader-JB-B Black,91,https://www.amazon.com/Ubiquiti-Junction-UniFi-Access-UACC-Reader-JB-B/dp/B0FD89FTQ6/ref=sr_1_1?dib=eyJ2IjoiMSJ9.kqlAFLy9vkHxxy4geTirlSeowBJ69RAzasJqILSDONVq_XQT7A-nXbUz8PxrYhxjRxaF8SXEAuiJ-Q-bpSnNOfI6XrVWr0CzcsRlbqD7YI7Ax3A-kqbJ1amqBv0mW5fOxKCyfdbOHP5mIJ03wcqL3poKGSKa34wcDQbbQsTSc-GEm2jc6hN3tP-rXEt0rBLaPYopyTRoBhCDdVXiEHORb-c6haUMp8R7ZShgTrSJUoI.bcd_RPq1_F_NbjdXnRiA6dFXpJMo9LfKO5XppTy13s8&dib_tag=se&keywords=Ubiquiti+UACC-Reader-JB-B&qid=1785505476&sr=8-1
UniFi Reader Pro,UA-G3-Pro-B,Door Access,발견,B0H55G33LX,Ubiquiti UA-G3-Pro-B Third-Generation Indoor/Outdoor NFC Reader & Intercom Supporting Touch Pass,550,https://www.amazon.com/Ubiquiti-UA-G3-Pro-B-Third-Generation-Intercom-Supporting/dp/B0H55G33LX/ref=sr_1_1?dib=eyJ2IjoiMSJ9.J-h3pfY_q35YaJLDRCeNNtfpf67tSSdbvAQOORxLZeRfM-ucpezsTS_V3vt1G8yapc4GTg1AbC8rHGaZh8G_l8Ak3eB0znBMUpcEyQXB_u1XwrYEzZi4DUr6iPxkYfthf9kjeqZl7a26PfDdd9qKrcszeU-_H-dSvFmv2bK490yZZTXPkwillIHcteKK7p5xwJIfc7putf_rZ3jZXlNAn90XwFXCiuL6IsTJYCFf6NI.dCuXZvREBr04QLrrekt2aB_wqz0y8PCeCR5QPO6Ibi4&dib_tag=se&keywords=Ubiquiti+UA-G3-Pro-B&qid=1785505479&sr=8-1
UniFi Reader Pro Angle Mount,UACC-Reader-Pro-AM,Door Access,없음,,,,
UniFi Reader Pro Angle Mount Black,UACC-Reader-Pro-AM-B,Door Access,발견,B0F22GDSN6,Acc Access Ubiquiti UniFi UACC-Reader-Pro-AM-B,48.85,https://www.amazon.com/Acc-Access-Ubiquiti-UniFi-UACC-Reader-Pro-AM-B/dp/B0F22GDSN6/ref=sr_1_1?dib=eyJ2IjoiMSJ9.sdC-YbPfHT7rezs9gue8o2v0nWu-2P6pQmmh_FgW7PB-0p53eAwGjfl-sWaDx7kKYSvbBtHgBQmvm_QB8z09HQFHgfQMH1LoXYuPB34biD5T6L23_9xCjD_Noz_wohRlX_gIeVfUcetMEZxi7WRyucU4bVvVQTVajZhy5oECmAPMn9kCPD4tSohuVe5J7L7kLrw1L-x7QbY540zchksCS8Wz7a4pPOpBMB2bHH6gKY8.0vIRp0Bvhprf1eq-eb-WWsmNO2Qi6PsvnKOrCeHHSAA&dib_tag=se&keywords=Ubiquiti+UACC-Reader-Pro-AM-B&qid=1785505489&sr=8-1
UniFi Reader Pro Black,UA-G3-Pro-B-B,Door Access,없음,,,,
UniFi Reader Pro Junction Box,UACC-Reader-Pro-JB,Door Access,없음,,,,
UniFi Reader Pro Junction Box Black,UACC-Reader-Pro-JB-B,Door Access,없음,,,,
UniFi Relay,USL-Relay,Physical Security,발견,B0H3XLR9SM,Ubiquiti Unifi Relay | USL-Relay,74.99,https://www.amazon.com/Ubiquiti-Inc-Unifi-Relay-USL-Relay/dp/B0H3XLR9SM/ref=sr_1_1?dib=eyJ2IjoiMSJ9.ZeAl1SV6HVzhw0V04nnbUGUiQLVfOUaXrSIn9F-LOVYCVSfGvAuCF_03RwgHiqGAVWkpRy5txondAA_JdZyHlKCLjX9vVenlRRzuCTBGK6GyuIS5xzv5mvJMjebrIKjSPUTUyn_ezRMwm-7uklCW8Se8tfw3EpPRKIGD7cbIFpGyInWLE-R-z2p8g51RZuTu1U9bh8v8wu0SUJpRfrcb4suSgHJApyDrvtuBj0Lvh90.je1bsNp0Qy1K_kA38i4k160VBGrcjj3qjHMqg1Rrog0&dib_tag=se&keywords=Ubiquiti+USL-Relay&qid=1785505507&sr=8-1
UniFi Remote Control KeyFob,USL-FOB,Physical Security,없음,,,,
UniFi Retrofit Hub,UA-Retrofit-Hub-2,Door Access,없음,,,,
UniFi Retrofit PSU 12V,UACC-Retrofit-PSU-12V,Door Access,없음,,,,
UniFi Siren,USL-Siren,Physical Security,없음,,,,
UniFi Siren PoE,UP-Siren-PoE,Physical Security,없음,,,,
UniFi SuperLink Gateway,USL-GATEWAY,Physical Security,없음,,,,
UniFi Swiss Army Knife,UK-Ultra,WiFi,발견,B0D4DV6PNH,Ubiquiti UniFi 5 UK-ULTRA Access Point,109.99,https://www.amazon.com/Ubiquiti-UniFi-UK-ULTRA-Access-Point/dp/B0D4DV6PNH/ref=sr_1_2?dib=eyJ2IjoiMSJ9.sUGOarTsptJNMwyFnLuao0FzpYfbM3SiV9vqn5TdOUrQoa9PDjfid3hCKnW6UmbeOhYhfxrEQzu4w3RePLCCF3S0I3l4aFNuNOoIZadK-cFPUfbpOYdV9sXjIciBdb0P5IfEfUCUC1xHIGO5IjDE18EeMh2xTdjJ99MieHjSQLILpyEM5tTh80eFpvUnT78fPX9FbFlBghe-GKxNQJbZ-1mXBWE08W4nPZBIiXVX_rI.htmGmlCBip9NlUOeoXq2qQzcFkIh80ozBBH2tdleR8s&dib_tag=se&keywords=Ubiquiti+UK-Ultra&qid=1785505538&sr=8-2
UniFi Travel Router,UTR,WiFi,발견,B0GFY85LYH,"Ubiquiti UniFi UTR Travel Router (Power Adapter NOT Included), Ultra-Slim",130,https://www.amazon.com/Ubiquiti-UTR-Adapter-Included-Ultra-Slim/dp/B0GFY85LYH/ref=sr_1_1?dib=eyJ2IjoiMSJ9.kvrs2J6TCH9d4P_XmL1f695v-0c6effAeKrE8zu7VgPnr8Y1w7qr3NBcZq0YvB2G1uRXViREhNOnHMVFZNMDEv9VZ8Upg2mp7z3uJ-J_EUoKewbkWDk7-JT3kwlSktm5hCvSjctub1WsPcIs1O59guLRpSbaausYdoLzKmcvBg5RAT-AIT6Lfq845Z-Vw3Z0rryqgXBVAWV_WwHg9pp_w1ZRxF-DLWSz665qLfbr_DOgC3Gh-JcAIg98WzSrrAiclPrzrF4lDMBMbW8d3EAi_myzKunl-YHHZ_lvTnr48jA.nWU9bwuCbHnCvFBo4WdEJmAHdsQH1ZeR-uIe6VEIJ6c&dib_tag=se&keywords=Ubiquiti+UTR&qid=1785505540&sr=8-1
UniFi Travel Router,UTR,WiFi,틀림,B0GVZ1657Y,"Travel Protective Case Compatible with Ubiquiti Unifi UTR, Portable Storage Box for Router Utility Gear",23,https://www.amazon.com/Protective-Compatible-Ubiquiti-Portable-Storage/dp/B0GVZ1657Y/ref=sr_1_20?dib=eyJ2IjoiMSJ9.kvrs2J6TCH9d4P_XmL1f695v-0c6effAeKrE8zu7VgPnr8Y1w7qr3NBcZq0YvB2G1uRXViREhNOnHMVFZNMDEv9VZ8Upg2mp7z3uJ-J_EUoKewbkWDk7-JT3kwlSktm5hCvSjctub1WsPcIs1O59guLRpSbaausYdoLzKmcvBg5RAT-AIT6Lfq845Z-Vw3Z0rryqgXBVAWV_WwHg9pp_w1ZRxF-DLWSz665qLfbr_DOgC3Gh-JcAIg98WzSrrAiclPrzrF4lDMBMbW8d3EAi_myzKunl-YHHZ_lvTnr48jA.nWU9bwuCbHnCvFBo4WdEJmAHdsQH1ZeR-uIe6VEIJ6c&dib_tag=se&keywords=Ubiquiti+UTR&qid=1785505540&sr=8-20
UniFi U6 Enterprise,U6-Enterprise,WiFi,발견,B0B395SS6T,Ubiquiti U6-Enterprise AP WiFi6E 1x2.5GbE Multiban,308.18,https://www.amazon.com/Ubiquiti-U6-Enterprise-WiFi6E-1x2-5GbE-Multiban/dp/B0B395SS6T/ref=sr_1_1?dib=eyJ2IjoiMSJ9.yNei5jWc5GdLlb6KE98LlJoHyV1Jo5pV7L9HxcP1H6_RyD5IaJCMn4CyKFGhivqnpxpn-JTQBFLRagxIz95dJpNk8mR9pM7OQDb9fR8h_OiIkOYtlOLqd3X-elsEF9dP4-_lomhzqHongcwVMqYHqni09basxnHkuIrNFpRb9wqJM1Uaqtyn1bsIdvc5LEh4h8gDLRPoxy_VOWAowWjN3bUn2o7fm_VP8nRZqeLzfwk.2ob5Uf9ZUjGVdIHKhrTXZaIN8CBwcqU1ymGXjJp1FVA&dib_tag=se&keywords=Ubiquiti+U6-Enterprise&qid=1785505546&sr=8-1
UniFi U6 Enterprise,U6-Enterprise,WiFi,발견,B0BM4QL44F,UbiQuiti U6-Enterprise,299.99,https://www.amazon.com/Ubiquiti-U6-Enterprise-Access-Indoor-MU-MIMO/dp/B0BM4QL44F/ref=sr_1_2?dib=eyJ2IjoiMSJ9.yNei5jWc5GdLlb6KE98LlJoHyV1Jo5pV7L9HxcP1H6_RyD5IaJCMn4CyKFGhivqnpxpn-JTQBFLRagxIz95dJpNk8mR9pM7OQDb9fR8h_OiIkOYtlOLqd3X-elsEF9dP4-_lomhzqHongcwVMqYHqni09basxnHkuIrNFpRb9wqJM1Uaqtyn1bsIdvc5LEh4h8gDLRPoxy_VOWAowWjN3bUn2o7fm_VP8nRZqeLzfwk.2ob5Uf9ZUjGVdIHKhrTXZaIN8CBwcqU1ymGXjJp1FVA&dib_tag=se&keywords=Ubiquiti+U6-Enterprise&qid=1785505546&sr=8-2
UniFi U6 Enterprise In-Wall,U6-Enterprise-IW,WiFi,없음,,,,
UniFi U6 In-Wall,U6-IW,WiFi,발견,B0FD8974L8,Access Point Ubiquiti U6-IW 2.4+5GHz PoE,,https://www.amazon.com/Access-Point-Ubiquiti-U6-IW-5GHz/dp/B0FD8974L8/ref=sr_1_1?dib=eyJ2IjoiMSJ9.9o65pOewT73v91v-qpFdun1ucUGuMCfVWdbDxJBl2dKWo1mmdx2AKc3viP27fJgiSxuIiTf7DKydMqyObKUxuYYKJIIo6cj-RHMBN0QJc4GQDg7fXhYwW25zQV9KN22_E35n0MvtTtCwdyzzxC8ZAd8ZFV4-JMP19GoiX_9xPx9J9cTPBSJw42S2UkTFX0rxaqrPkTfdmU7q8aXHUEG8EvGwL8l0OP3bj--_Hzr3P7o.oSbQSTBB70ulTaiB_G2-phbN5fJ4B9i6fS-E6ecVhkk&dib_tag=se&keywords=Ubiquiti+U6-IW&qid=1785505556&sr=8-1
UniFi U6 In-Wall,U6-IW,WiFi,틀림,B0DZH4127M,Unifi U6-IW Surface Mount Junction Box Enclosure (Shallow),16.99,https://www.amazon.com/U6-IW-Surface-Junction-Enclosure-Shallow/dp/B0DZH4127M/ref=sr_1_7?dib=eyJ2IjoiMSJ9.9o65pOewT73v91v-qpFdun1ucUGuMCfVWdbDxJBl2dKWo1mmdx2AKc3viP27fJgiSxuIiTf7DKydMqyObKUxuYYKJIIo6cj-RHMBN0QJc4GQDg7fXhYwW25zQV9KN22_E35n0MvtTtCwdyzzxC8ZAd8ZFV4-JMP19GoiX_9xPx9J9cTPBSJw42S2UkTFX0rxaqrPkTfdmU7q8aXHUEG8EvGwL8l0OP3bj--_Hzr3P7o.oSbQSTBB70ulTaiB_G2-phbN5fJ4B9i6fS-E6ecVhkk&dib_tag=se&keywords=Ubiquiti+U6-IW&qid=1785505556&sr=8-7
UniFi U6 Mesh,U6-Mesh,WiFi,없음,,,,
UniFi U6 Mesh Pro,U6-Mesh-Pro,WiFi,발견,B0G3BMCVRR,"U6-Mesh-Pro Outdoor WiFi 6 Access Point US Version - Dual-Band 4x4 MU-MIMO, IPX6 Weatherproof | Bundled with QALYNX 3ft Slim Cat6A Patch Cable (28 AWG)",229.99,https://www.amazon.com/U6-Mesh-Pro-Outdoor-Access-US-Version/dp/B0G3BMCVRR/ref=sr_1_1?dib=eyJ2IjoiMSJ9.UA4KDQnZdf5uJZNxUTkBq-TDouLeiV4l0995DlNq6ewKy9EV0pO-pq-Y2Z5nYOVMt1wpyXCzXF26RsZSPv5lJBD6yoIom50A9fgAVFmTmVVIoIlZnWJP2ijK3BMLDVVQAWpimj5Wn-PimHBV8nKb9vju9hLx01qTFIdnyitOV9mHLAKLVI7XXO7dUZBo-LzATf7kf2frUCubJROXJysLECgROoS4hnZlD872nyYVzng.h1B4_qJwHA1C02wuuMQdSl8wwmjc83YrHY7xmq-1re8&dib_tag=se&keywords=Ubiquiti+U6-Mesh-Pro&qid=1785505562&sr=8-1
UniFi U6 Pro,U6-Pro,WiFi,없음,,,,
UniFi U6+,U6+,WiFi,없음,,,,
UniFi U7 In-Wall,U7-IW,WiFi,발견,B0F2T2T8JS,UbiQuiti U7-IW,192.9,https://www.amazon.com/Wireless-Access-Point-UbiQuiti-U7-IW/dp/B0F2T2T8JS/ref=sr_1_1?dib=eyJ2IjoiMSJ9.stAt6zzs77CGTl2kTwCVWjfL4R4lfwX8KfpSDvWZfpgv5_5vEPAz2dk1lSKd4Xfg53G6U322N2cuMTiQzJpntnouQ1E3G0vdYpT_czIKjaX1JArh1D7foQS2ZwIfIbC1eRbRj_6F18olbY1vE0QiPPzvN4AimMNXhgkAHLB18MWuyGDe7RkXGo-leqxKvWX2zpgLbDw8i9GUHXrqcB4sZbvrfedIwSgBuk2jisdbbGg.A2WLNMhV6XRnz6fAlj2_K5hz6EdjZxwLOLyQuZ5qqX4&dib_tag=se&keywords=Ubiquiti+U7-IW&qid=1785505571&sr=8-1
UniFi U7 In-Wall,U7-IW,WiFi,발견,B0F1DRTG1Y,Ubiquiti U7 U7-IW Dual Band Wi-Fi 7 IEEE 802.11n/ac/ax/be/v/r/k 4.30 Gbit/s Wireless Access Point - Yes,,https://www.amazon.com/Ubiquiti-U7-IW-802-11n-Wireless-Access/dp/B0F1DRTG1Y/ref=sr_1_2?dib=eyJ2IjoiMSJ9.stAt6zzs77CGTl2kTwCVWjfL4R4lfwX8KfpSDvWZfpgv5_5vEPAz2dk1lSKd4Xfg53G6U322N2cuMTiQzJpntnouQ1E3G0vdYpT_czIKjaX1JArh1D7foQS2ZwIfIbC1eRbRj_6F18olbY1vE0QiPPzvN4AimMNXhgkAHLB18MWuyGDe7RkXGo-leqxKvWX2zpgLbDw8i9GUHXrqcB4sZbvrfedIwSgBuk2jisdbbGg.A2WLNMhV6XRnz6fAlj2_K5hz6EdjZxwLOLyQuZ5qqX4&dib_tag=se&keywords=Ubiquiti+U7-IW&qid=1785505571&sr=8-2
UniFi U7 Mesh,U7-Mesh,WiFi,발견,B0H5349CST,U7-Mesh Wireless Access Point by Ubiquiti,348,https://www.amazon.com/U7-Mesh-Wireless-Access-Point-Ubiquiti/dp/B0H5349CST/ref=sr_1_4?dib=eyJ2IjoiMSJ9.Jn8GrXXs-hvYn5V5PCD-ye7Sm5EMhNHJkEhHeosM0S-MKmlj9FiOLBnjGnW0lZZIUQNNrzUCKnSHbcyNWATRd7cxIXP5_rOfDOBu_Xr2DJCnH5WYgDmj0Da3HkKmkzEbkByDvyZa06YtHw6KDtU0bXjAowibnQvVtxBG9wiB9acMldn_R1y8O9xJhtQmSuFYxIY23y7xarhJH9uoHbcQRzYR8E_9AeXPS4gMDBoUreU.6ulhb8c7UWVRj9E3QWeH5tQUfubCe0v64IPSyBgI3Cs&dib_tag=se&keywords=Ubiquiti+U7-Mesh&qid=1785505575&sr=8-4
UniFi U7 Outdoor,U7-Outdoor,WiFi,없음,,,,
UniFi U7 Pro Outdoor,U7-Pro-Outdoor,WiFi,발견,B0F9JT2GQ2,UbiQuiti U7-PRO-OUTDOOR,324.99,https://www.amazon.com/Ubiquiti-Networks-NHU-U7-PRO-OUTDOOR-UbiQuiti-U7-PRO-OUTDOOR/dp/B0F9JT2GQ2/ref=sr_1_1?dib=eyJ2IjoiMSJ9.io03DqfSgdl7S-vU39p6qn_PHYYI9MMwwZlHwI5GE2DIsNml41KzTHW_CwjoGE2MeI97Rua_x_MnIk98z_8F_LvX5B50g283a-JmJ-oee4fwrTC2dKIPMRmA86uj2f38beslQQ9l8AZc9d82OF5slzoniEjMjWOOgZVUTyEsaEAYI6DWD_gaoZOtTNxJ8Iq-wqxBKELgKOrQ4nnvN0eBK91GFiwXKKAPyOU8ZhHIM_8.79XdB9gQUX46d9CRjpeSSAhaEcT99CJBmYkGUvcHrSA&dib_tag=se&keywords=Ubiquiti+U7-Pro-Outdoor&qid=1785505582&sr=8-1
UniFi U7 Pro Wall,U7-Pro-Wall,WiFi,발견,B0FCYNZ7PR,"U7-PRO-Wall – UniFi High Capacity Wall-Mount WiFi 7 Access Point, White",226.99,https://www.amazon.com/U7-PRO-Wall-UniFi-Capacity-Wall-Mount-Access/dp/B0FCYNZ7PR/ref=sr_1_1?dib=eyJ2IjoiMSJ9.iR8xtPaiT80ueh-52c3Rr9jwxmtmJ3mKpn04Ileof4Lxe6ZhFXqpOzZ_yhDPABIMXDvhOuQUh64P5bBSd-LeNmou_GQLms-3BI6wRrqPjss5Ms6lP3HxACNMZQnzuEGxvV6oCqKrv6bDbeKtcvl3SJCXEvRNOnGYUdJM5uUJXjIvP8p3REUm1Mc9q7aO_kGc-OsWUFZL3JdOT4QBmAAM7xdlgpOrwtss-mxz1Uev9fs.NiVBrDUIxzsVuEjgoIvA2jyTH1St3Shdq9Y2C1lWpLQ&dib_tag=se&keywords=Ubiquiti+U7-Pro-Wall&qid=1785505586&sr=8-1
UniFi U7 Pro XG Black,U7-Pro-XG-B,WiFi,발견,B0FJ2TFRQG,UbiQuiti U7-PRO-XG-B,258.99,https://www.amazon.com/Ubiquiti-Networks-U7-Pro-XG-B-UbiQuiti-U7-PRO-XG-B/dp/B0FJ2TFRQG/ref=sr_1_2?dib=eyJ2IjoiMSJ9.BRr8_cb5ZnukNuN81ol21OLfng7CNsjXfc5dP7aAOuyyFBDOPE_HxBTR_NRZNF-N02j1-_FR3XHo6cPjlzExSDKbQRtHoDNo9jEt-F_dYnw6EwTD77496mVO68QR-dgpbeslQQ9l8AZc9d82OF5sl31x1uVRnZNKDwLEkLfBGEisxeUDwOP0MT5zDuyF5oV6fIjohS0ESmA9Wvx6Mz7E-LovOdhcDZqNENlaLXXQ9t0.GneuQKB9NcrqRLFOLpornP8Y8olLkMLCli6M6alXUmY&dib_tag=se&keywords=Ubiquiti+U7-Pro-XG-B&qid=1785505592&sr=8-2
UniFi U7 Pro XG Wall,U7-Pro-XG-Wall,WiFi,없음,,,,
UniFi U7 Pro XGS,U7-Pro-XGS,WiFi,발견,B0FX1RKP82,U7-Pro-XGS 10G Uplink Tri-Band Wi-Fi 7 AP with 8-Stream MIMO (US Version) | Bundled with QALYNX 3ft Slim Cat6A Patch Cable (28 AWG),349.99,https://www.amazon.com/U7-Pro-XGS-Tri-Band-US-Version-QALYNX/dp/B0FX1RKP82/ref=sr_1_1?dib=eyJ2IjoiMSJ9.tpUp48K7WeuZghxWg15J9sDsXmKw7_bJBCKj2Q_kngM4FUjW2nWBGCrPwLabWzBM2ngzncCQmb589hayjUrrKzgh9Mwovu5ezjV-zLtVR_n1YIjOcIBHwWABJc0jd-s107S0VoYwJuP36LR0W1cOl0YKhCvYRPUFaq99Z8yNs8iNzrJhxFRtAtQqiGt18F8u65IUQTrcJqM8YIujl_aR6x442pzc9KUbSTUFqPYtwHw.mdYiniY81g6gM6Hzz8ewKRs40V6GGleks5ukszzy1yk&dib_tag=se&keywords=Ubiquiti+U7-Pro-XGS&qid=1785505601&sr=8-1
UniFi U7 Pro XGS Black,U7-Pro-XGS-B,WiFi,발견,B0FHDW161W,UbiQuiti U7-PRO-XGS-B,373,https://www.amazon.com/Ubiquiti-Networks-YG01010000198-UbiQuiti-U7-PRO-XGS-B/dp/B0FHDW161W/ref=sr_1_2_mod_primary_new?dib=eyJ2IjoiMSJ9.tpUp48K7WeuZghxWg15J9j7mu8rOq85L7mLaYz1bxWrNF-KwLLDyO63ciVvKudqGHLHkyq7bD8JUhnOSeZnbf96BO6siC3WafFAMU3XCOlVEsKexRwLPw99E_qIj5vlNd0ZmzgGNW3JrApbLp8f1GIDQrAYoKW2GDWa0dHj3vF_DyyLL67Dr4SPi1Cl425iu0RnZtTx9ZLLuVp53cVrvd173yxhmWzvxlD-LaydWkqU.kVVAP1IAaSJ46DN9eGxNew6nrMTUIH3u3fjW_UnplMQ&dib_tag=se&keywords=Ubiquiti+U7-Pro-XGS-B&qid=1785505604&sbo=RZvfv%2F%2FHxDF%2BO5021pAnSA%3D%3D&sr=8-2
UniFi UNAS 2,UNAS-2,Integrations,없음,,,,
UniFi UNAS 2 Black,UNAS-2-B,Integrations,발견,B0H4W9292P,"Ubiquiti UNAS-2-B Network Storage Server Black - 2 x 3.5"" Slots, 2.5GbE, PoE++, RAID 1",264.99,https://www.amazon.com/Ubiquiti-UNAS-2-B-Network-Storage-Server/dp/B0H4W9292P/ref=sr_1_1?dib=eyJ2IjoiMSJ9.EtFkzHJcIPluDQaGGBDFZiLSJClK-_KfL-Lg4zutIyUAKprKrncaVcvbPG1YfXzyW1tlSwbhRTjtcRUKfzXR597ds5FyXbeytzWp5vk1w_XbnRdQOrd5UHjTXCuXU4gqrwKYMr5jBNsBm204tJi9kAhbPGgTyWEEU9mSN91NbWqEJiFXOCksvrc86kKQ2ITxR7yD3Ks8LtTVanoe6OAy5M3IIsJML6MOJgiYRUp1Ndw.abCisHEV25aZLkXlML3rJrJphy5QGxipCc8Bn8ltutQ&dib_tag=se&keywords=Ubiquiti+UNAS-2-B&qid=1785505610&sr=8-1
UniFi UNAS 4,UNAS-4,Integrations,없음,,,,
UniFi UNAS 4 Black,UNAS-4-B,Integrations,없음,,,,
UniFi Ultra 210W,USW-Ultra-210W,Switching,틀림,B0FY64RRW9,"54V Power Adapter for Ubiquiti UniFi, Compatible with UniFi XG 6 PoE, 210W | US-XG-6POE USW-Ultra-210W 6 8 Port Switch ADS-210NX-48-1540210E, Replacement for UniFi Switch PoE Power Supply, White",75.99,https://www.amazon.com/Power-Adapter-Ubiquiti-UniFi-Compatible/dp/B0FY64RRW9/ref=sr_1_3?dib=eyJ2IjoiMSJ9.GSWAZZVL3pEHp5wd-vIb4mn-5PNeORwiaJfl97MdcB4nY5UzOBOJD_N5EZX9RFHIr1DUEWxQJcapet3o19MmvldcTlB3fKG32FTOxfDwveE857ksuOHzRDvcQdPrW9888ugAl2cQtW0ZM61ZDVNlVTS30xr-Kp6cersqgbfnj5508E_bsD6q-e9vKF6RonfCjRL5GkBnFWXT70AX1oFNRVi18-77d5JoNCFY_YOSQeg.hpdiPweTjXFeba1nFXfzGhok6Qp6f6R1fHHpaqedyQA&dib_tag=se&keywords=Ubiquiti+USW-Ultra-210W&qid=1785505621&sr=8-3
UniFi Ultra 210W,USW-Ultra-210W,Switching,틀림,B0GTM9VXV1,"54V 210W Power Adapter Compatible with Ubiquiti UACC-Adapter-AC-210W - Compatible with UniFi US-XG-6POE, USW-Ultra-210W & 6/8-Port PoE Switches (White)",75.99,https://www.amazon.com/Power-Adapter-Compatible-Ubiquiti-UACC-Adapter-AC-210W/dp/B0GTM9VXV1/ref=sr_1_5?dib=eyJ2IjoiMSJ9.GSWAZZVL3pEHp5wd-vIb4mn-5PNeORwiaJfl97MdcB4nY5UzOBOJD_N5EZX9RFHIr1DUEWxQJcapet3o19MmvldcTlB3fKG32FTOxfDwveE857ksuOHzRDvcQdPrW9888ugAl2cQtW0ZM61ZDVNlVTS30xr-Kp6cersqgbfnj5508E_bsD6q-e9vKF6RonfCjRL5GkBnFWXT70AX1oFNRVi18-77d5JoNCFY_YOSQeg.hpdiPweTjXFeba1nFXfzGhok6Qp6f6R1fHHpaqedyQA&dib_tag=se&keywords=Ubiquiti+USW-Ultra-210W&qid=1785505621&sr=8-5
UniFi Ultra 60W,USW-Ultra-60W,Switching,발견,B0CR1XQGBS,Ubiquiti USW-Ultra-60W,161,https://www.amazon.com/Ubiquiti-Networks-USW-ULTRA-60W-USW-Ultra-60W/dp/B0CR1XQGBS/ref=sr_1_1?dib=eyJ2IjoiMSJ9.YEtKqWMR5bifo5afOZphGzX7gflkYxhWsFqqjXAXaD6QfYazW5P0C7cKtlLjd8WRpMqqG1aXJjwjacuKCe1Ije7q3JxIQvk5aKbpe1lSLgiMx8F9V3xmZWFVuoBJUMh34AgGTfOJUrzv6O-psfMjDAnrg0smnWVxmQEOlLlcdzYsyp2wO44c0ECSi9YKkM_b808e3NFjpAFKBhJ_s6RHPBvKgma-MmERuJF5v83w5m8.ifGiwyi5jQbM4kQXsZQ62LdiIvYPzqj6Hrb0LW5MkfA&dib_tag=se&keywords=Ubiquiti+USW-Ultra-60W&qid=1785505625&sr=8-1
UniFi Ultra 60W,USW-Ultra-60W,Switching,틀림,B0GSYCB5RF,"TAIFU54V AC Adapter Charger for Ubiquiti Networks PoE Ubiquiti Ultra 60W PoE Switch UniFi Lite 8 USW-Lite-8-POE Gigabit Ethernet, 8 Port Layer 2 USW-Ultra-60W NY-PW0L2-05401100 Power Supply Cord",29.99,https://www.amazon.com/TAIFU-Ubiquiti-USW-Lite-8-POE-USW-Ultra-60W-NY-PW0L2-05401100/dp/B0GSYCB5RF/ref=sr_1_15?dib=eyJ2IjoiMSJ9.YEtKqWMR5bifo5afOZphGzX7gflkYxhWsFqqjXAXaD6QfYazW5P0C7cKtlLjd8WRpMqqG1aXJjwjacuKCe1Ije7q3JxIQvk5aKbpe1lSLgiMx8F9V3xmZWFVuoBJUMh34AgGTfOJUrzv6O-psfMjDAnrg0smnWVxmQEOlLlcdzYsyp2wO44c0ECSi9YKkM_b808e3NFjpAFKBhJ_s6RHPBvKgma-MmERuJF5v83w5m8.ifGiwyi5jQbM4kQXsZQ62LdiIvYPzqj6Hrb0LW5MkfA&dib_tag=se&keywords=Ubiquiti+USW-Ultra-60W&qid=1785505625&sr=8-15
UniFi Vape Detection & Air Quality Sensor,UP-AirQuality,Physical Security,없음,,,,
UniFi WiFi BaseStation XG,UWB-XG,WiFi,발견,B07KJCN2T6,Ubiquiti UniFi WiFi BaseStationXG UWB-XG IEEE 802.11ac 1.70 Gbit/s Wireless Access Point,1295,https://www.amazon.com/Ubiquiti-Networks-BaseStation-Beamforming-UWB-XG-US/dp/B07KJCN2T6/ref=sr_1_1?dib=eyJ2IjoiMSJ9.Ctnk6eGdaY8X7mfqxWswZKjjjlX5rS6GR4SXxjRrG4W1gctAK90wbSwqESsq_k8Z83-MeuVvTiZol6M3HitIQpe5YtXBJONxaw4GiJPxy62GnDuiKFu_d-F3EX0y89bAc8UmcrD9oP7-U6HkV8WmZo0LzjWL2DrH89KK-mebIHbOWEks8O5bOTcys8c-MijuT2_prIRtwa46yNuPLYXT6DsnQi70VIYkiRSuKbwIG4k.XGhjUDg64pGePM_0vJVOnnxo1ZYFptHxlYj0GTJfgxg&dib_tag=se&keywords=Ubiquiti+UWB-XG&qid=1785505635&sr=8-1